<?xml version="1.0" encoding="UTF-8"?>

<!-- generated on 03/22/21 15:32:58 by Eclipse SUMO netedit Version 1.7.0
<configuration xmlns:xsi="http://www.w3.org/2001/XMLSchema-instance" xsi:noNamespaceSchemaLocation="http://sumo.dlr.de/xsd/netconvertConfiguration.xsd">

    <output>
        <output-file value="E:\python%20simulation%20for%20traffic%20light%20signals\Test\city-3\city3.net.xml"/>
    </output>

    <processing>
        <offset.disable-normalization value="true"/>
    </processing>

    <junctions>
        <no-turnarounds value="true"/>
    </junctions>

    <report>
        <aggregate-warnings value="5"/>
    </report>

</configuration>
-->

<net version="1.6" junctionCornerDetail="5" limitTurnSpeed="5.50" xmlns:xsi="http://www.w3.org/2001/XMLSchema-instance" xsi:noNamespaceSchemaLocation="http://sumo.dlr.de/xsd/net_file.xsd">

    <location netOffset="0.00,0.00" convBoundary="-400.00,-300.00,700.00,504.83" origBoundary="10000000000.00,10000000000.00,-10000000000.00,-10000000000.00" projParameter="!"/>

    <edge id=":gneJ10_0" function="internal">
        <lane id=":gneJ10_0_0" index="0" speed="6.63" length="3.77" shape="-201.60,1.33 -201.51,0.37 -201.25,-0.52 -200.81,-1.33 -200.19,-2.07"/>
    </edge>
    <edge id=":gneJ10_1" function="internal">
        <lane id=":gneJ10_1_0" index="0" speed="4.20" length="1.26" shape="-197.93,0.19 -198.14,0.44 -198.28,0.71 -198.37,1.01 -198.40,1.33"/>
    </edge>
    <edge id=":gneJ11_0" function="internal">
        <lane id=":gneJ11_0_0" index="0" speed="10.86" length="10.82" shape="2.63,204.90 0.31,202.89 -1.73,201.92 -4.05,201.62 -7.20,201.60"/>
    </edge>
    <edge id=":gneJ11_1" function="internal">
        <lane id=":gneJ11_1_0" index="0" speed="11.94" length="13.14" shape="2.63,204.90 0.78,202.55 -0.54,199.76 -1.34,196.50 -1.60,192.80"/>
    </edge>
    <edge id=":gneJ11_2" function="internal">
        <lane id=":gneJ11_2_0" index="0" speed="10.77" length="10.63" shape="1.60,192.80 1.81,195.87 2.42,198.53 3.45,200.78 4.90,202.63"/>
    </edge>
    <edge id=":gneJ11_3" function="internal">
        <lane id=":gneJ11_3_0" index="0" speed="8.00" length="4.86" shape="1.60,192.80 1.05,196.65 0.55,197.48"/>
    </edge>
    <edge id=":gneJ11_6" function="internal">
        <lane id=":gneJ11_6_0" index="0" speed="8.00" length="9.33" shape="0.55,197.48 -0.60,199.40 -3.35,201.05 -7.20,201.60"/>
    </edge>
    <edge id=":gneJ11_4" function="internal">
        <lane id=":gneJ11_4_0" index="0" speed="6.51" length="9.03" shape="-7.20,198.40 -4.75,198.05 -3.00,197.00 -1.95,195.25 -1.60,192.80"/>
    </edge>
    <edge id=":gneJ11_5" function="internal">
        <lane id=":gneJ11_5_0" index="0" speed="11.94" length="13.14" shape="-7.20,198.40 -3.50,198.66 -0.24,199.46 2.55,200.78 4.90,202.63"/>
    </edge>
    <edge id=":gneJ14_0" function="internal">
        <lane id=":gneJ14_0_0" index="0" speed="10.77" length="10.63" shape="98.40,307.20 98.19,304.13 97.58,301.47 96.55,299.22 95.10,297.37"/>
    </edge>
    <edge id=":gneJ14_1" function="internal">
        <lane id=":gneJ14_1_0" index="0" speed="8.00" length="4.86" shape="98.40,307.20 98.95,303.35 99.45,302.52"/>
    </edge>
    <edge id=":gneJ14_6" function="internal">
        <lane id=":gneJ14_6_0" index="0" speed="8.00" length="9.33" shape="99.45,302.52 100.60,300.60 103.35,298.95 107.20,298.40"/>
    </edge>
    <edge id=":gneJ14_2" function="internal">
        <lane id=":gneJ14_2_0" index="0" speed="6.51" length="9.03" shape="107.20,301.60 104.75,301.95 103.00,303.00 101.95,304.75 101.60,307.20"/>
    </edge>
    <edge id=":gneJ14_3" function="internal">
        <lane id=":gneJ14_3_0" index="0" speed="11.96" length="13.20" shape="107.20,301.60 103.70,301.44 100.60,300.81 97.78,299.52 95.10,297.37"/>
    </edge>
    <edge id=":gneJ14_4" function="internal">
        <lane id=":gneJ14_4_0" index="0" speed="10.77" length="10.63" shape="97.37,295.10 99.22,296.55 101.47,297.58 104.13,298.19 107.20,298.40"/>
    </edge>
    <edge id=":gneJ14_5" function="internal">
        <lane id=":gneJ14_5_0" index="0" speed="11.94" length="13.14" shape="97.37,295.10 99.22,297.45 100.54,300.24 101.34,303.50 101.60,307.20"/>
    </edge>
    <edge id=":gneJ15_0" function="internal">
        <lane id=":gneJ15_0_0" index="0" speed="6.51" length="9.03" shape="398.40,307.20 398.05,304.75 397.00,303.00 395.25,301.95 392.80,301.60"/>
    </edge>
    <edge id=":gneJ15_1" function="internal">
        <lane id=":gneJ15_1_0" index="0" speed="13.89" length="14.40" shape="398.40,307.20 398.40,292.80"/>
    </edge>
    <edge id=":gneJ15_2" function="internal">
        <lane id=":gneJ15_2_0" index="0" speed="8.00" length="5.93" shape="398.40,307.20 398.95,303.35 400.00,301.60"/>
    </edge>
    <edge id=":gneJ15_12" function="internal">
        <lane id=":gneJ15_12_0" index="0" speed="8.00" length="8.26" shape="400.00,301.60 400.60,300.60 403.35,298.95 407.20,298.40"/>
    </edge>
    <edge id=":gneJ15_3" function="internal">
        <lane id=":gneJ15_3_0" index="0" speed="6.51" length="9.03" shape="407.20,301.60 404.75,301.95 403.00,303.00 401.95,304.75 401.60,307.20"/>
    </edge>
    <edge id=":gneJ15_4" function="internal">
        <lane id=":gneJ15_4_0" index="0" speed="13.89" length="14.40" shape="407.20,301.60 392.80,301.60"/>
    </edge>
    <edge id=":gneJ15_5" function="internal">
        <lane id=":gneJ15_5_0" index="0" speed="8.00" length="5.93" shape="407.20,301.60 403.35,301.05 401.60,300.00"/>
    </edge>
    <edge id=":gneJ15_13" function="internal">
        <lane id=":gneJ15_13_0" index="0" speed="8.00" length="8.26" shape="401.60,300.00 400.60,299.40 398.95,296.65 398.40,292.80"/>
    </edge>
    <edge id=":gneJ15_6" function="internal">
        <lane id=":gneJ15_6_0" index="0" speed="6.51" length="9.03" shape="401.60,292.80 401.95,295.25 403.00,297.00 404.75,298.05 407.20,298.40"/>
    </edge>
    <edge id=":gneJ15_7" function="internal">
        <lane id=":gneJ15_7_0" index="0" speed="13.89" length="14.40" shape="401.60,292.80 401.60,307.20"/>
    </edge>
    <edge id=":gneJ15_8" function="internal">
        <lane id=":gneJ15_8_0" index="0" speed="8.00" length="5.93" shape="401.60,292.80 401.05,296.65 400.00,298.40"/>
    </edge>
    <edge id=":gneJ15_14" function="internal">
        <lane id=":gneJ15_14_0" index="0" speed="8.00" length="8.26" shape="400.00,298.40 399.40,299.40 396.65,301.05 392.80,301.60"/>
    </edge>
    <edge id=":gneJ15_9" function="internal">
        <lane id=":gneJ15_9_0" index="0" speed="6.51" length="9.03" shape="392.80,298.40 395.25,298.05 397.00,297.00 398.05,295.25 398.40,292.80"/>
    </edge>
    <edge id=":gneJ15_10" function="internal">
        <lane id=":gneJ15_10_0" index="0" speed="13.89" length="14.40" shape="392.80,298.40 407.20,298.40"/>
    </edge>
    <edge id=":gneJ15_11" function="internal">
        <lane id=":gneJ15_11_0" index="0" speed="8.00" length="5.93" shape="392.80,298.40 396.65,298.95 398.40,300.00"/>
    </edge>
    <edge id=":gneJ15_15" function="internal">
        <lane id=":gneJ15_15_0" index="0" speed="8.00" length="8.26" shape="398.40,300.00 399.40,300.60 401.05,303.35 401.60,307.20"/>
    </edge>
    <edge id=":gneJ17_0" function="internal">
        <lane id=":gneJ17_0_0" index="0" speed="6.08" length="7.74" shape="101.60,396.80 101.30,398.90 100.40,400.40 98.90,401.30 96.80,401.60"/>
    </edge>
    <edge id=":gneJ17_1" function="internal">
        <lane id=":gneJ17_1_0" index="0" speed="3.90" length="2.58" shape="96.80,398.40 97.50,398.30 98.00,398.00 98.30,397.50 98.40,396.80"/>
    </edge>
    <edge id=":gneJ22_0" function="internal">
        <lane id=":gneJ22_0_0" index="0" speed="4.20" length="1.26" shape="-98.67,-98.40 -98.99,-98.37 -99.29,-98.28 -99.56,-98.14 -99.81,-97.93"/>
    </edge>
    <edge id=":gneJ22_1" function="internal">
        <lane id=":gneJ22_1_0" index="0" speed="6.63" length="3.77" shape="-102.07,-100.19 -101.33,-100.81 -100.52,-101.25 -99.63,-101.51 -98.67,-101.60"/>
    </edge>
    <edge id=":gneJ23_0" function="internal">
        <lane id=":gneJ23_0_0" index="0" speed="6.08" length="7.74" shape="1.60,-103.20 1.30,-101.10 0.40,-99.60 -1.10,-98.70 -3.20,-98.40"/>
    </edge>
    <edge id=":gneJ23_1" function="internal">
        <lane id=":gneJ23_1_0" index="0" speed="3.90" length="2.58" shape="-3.20,-101.60 -2.50,-101.70 -2.00,-102.00 -1.70,-102.50 -1.60,-103.20"/>
    </edge>
    <edge id=":gneJ24_0" function="internal">
        <lane id=":gneJ24_0_0" index="0" speed="6.08" length="7.74" shape="-1.60,-296.80 -1.30,-298.90 -0.40,-300.40 1.10,-301.30 3.20,-301.60"/>
    </edge>
    <edge id=":gneJ24_1" function="internal">
        <lane id=":gneJ24_1_0" index="0" speed="3.90" length="2.58" shape="3.20,-298.40 2.50,-298.30 2.00,-298.00 1.70,-297.50 1.60,-296.80"/>
    </edge>
    <edge id=":gneJ26_0" function="internal">
        <lane id=":gneJ26_0_0" index="0" speed="3.90" length="2.58" shape="98.40,-196.80 98.30,-197.50 98.00,-198.00 97.50,-198.30 96.80,-198.40"/>
    </edge>
    <edge id=":gneJ26_1" function="internal">
        <lane id=":gneJ26_1_0" index="0" speed="6.08" length="7.74" shape="96.80,-201.60 98.90,-201.30 100.40,-200.40 101.30,-198.90 101.60,-196.80"/>
    </edge>
    <edge id=":gneJ27_0" function="internal">
        <lane id=":gneJ27_0_0" index="0" speed="13.89" length="0.10" shape="300.00,-298.40 300.00,-298.40"/>
    </edge>
    <edge id=":gneJ27_1" function="internal">
        <lane id=":gneJ27_1_0" index="0" speed="13.89" length="0.10" shape="300.00,-301.60 300.00,-301.60"/>
    </edge>
    <edge id=":gneJ28_0" function="internal">
        <lane id=":gneJ28_0_0" index="0" speed="13.89" length="0.52" shape="398.43,400.34 398.41,400.19 398.40,400.09 398.40,399.98 398.40,399.83"/>
    </edge>
    <edge id=":gneJ28_1" function="internal">
        <lane id=":gneJ28_1_0" index="0" speed="13.89" length="0.17" shape="401.60,399.83 401.60,399.88 401.60,399.91 401.60,399.95 401.61,400.00"/>
    </edge>
    <edge id=":gneJ31_0" function="internal">
        <lane id=":gneJ31_0_0" index="0" speed="8.09" length="2.24" shape="501.39,-198.91 500.79,-198.62 500.36,-198.47 499.91,-198.41 499.24,-198.40"/>
    </edge>
    <edge id=":gneJ31_1" function="internal">
        <lane id=":gneJ31_1_0" index="0" speed="13.89" length="0.75" shape="499.24,-201.60 499.47,-201.60 499.62,-201.62 499.76,-201.67 499.96,-201.77"/>
    </edge>
    <edge id=":gneJ34_0" function="internal">
        <lane id=":gneJ34_0_0" index="0" speed="6.51" length="9.03" shape="498.40,-92.80 498.05,-95.25 497.00,-97.00 495.25,-98.05 492.80,-98.40"/>
    </edge>
    <edge id=":gneJ34_1" function="internal">
        <lane id=":gneJ34_1_0" index="0" speed="8.00" length="14.19" shape="498.40,-92.80 498.95,-96.65 500.60,-99.40 503.35,-101.05 507.20,-101.60"/>
    </edge>
    <edge id=":gneJ34_2" function="internal">
        <lane id=":gneJ34_2_0" index="0" speed="6.51" length="9.03" shape="507.20,-98.40 504.75,-98.05 503.00,-97.00 501.95,-95.25 501.60,-92.80"/>
    </edge>
    <edge id=":gneJ34_3" function="internal">
        <lane id=":gneJ34_3_0" index="0" speed="13.89" length="14.40" shape="507.20,-98.40 492.80,-98.40"/>
    </edge>
    <edge id=":gneJ34_4" function="internal">
        <lane id=":gneJ34_4_0" index="0" speed="13.89" length="14.40" shape="492.80,-101.60 507.20,-101.60"/>
    </edge>
    <edge id=":gneJ34_5" function="internal">
        <lane id=":gneJ34_5_0" index="0" speed="8.00" length="5.93" shape="492.80,-101.60 496.65,-101.05 498.40,-100.00"/>
    </edge>
    <edge id=":gneJ34_6" function="internal">
        <lane id=":gneJ34_6_0" index="0" speed="8.00" length="8.26" shape="498.40,-100.00 499.40,-99.40 501.05,-96.65 501.60,-92.80"/>
    </edge>
    <edge id=":gneJ38_0" function="internal">
        <lane id=":gneJ38_0_0" index="0" speed="13.89" length="0.10" shape="600.00,1.60 600.00,1.60"/>
    </edge>
    <edge id=":gneJ38_1" function="internal">
        <lane id=":gneJ38_1_0" index="0" speed="13.89" length="0.10" shape="600.00,-1.60 600.00,-1.60"/>
    </edge>
    <edge id=":gneJ4_0" function="internal">
        <lane id=":gneJ4_0_0" index="0" speed="6.51" length="9.03" shape="198.40,7.20 198.05,4.75 197.00,3.00 195.25,1.95 192.80,1.60"/>
    </edge>
    <edge id=":gneJ4_1" function="internal">
        <lane id=":gneJ4_1_0" index="0" speed="13.89" length="14.40" shape="198.40,7.20 198.40,-7.20"/>
    </edge>
    <edge id=":gneJ4_2" function="internal">
        <lane id=":gneJ4_2_0" index="0" speed="8.00" length="5.93" shape="198.40,7.20 198.95,3.35 200.00,1.60"/>
    </edge>
    <edge id=":gneJ4_12" function="internal">
        <lane id=":gneJ4_12_0" index="0" speed="8.00" length="8.26" shape="200.00,1.60 200.60,0.60 203.35,-1.05 207.20,-1.60"/>
    </edge>
    <edge id=":gneJ4_3" function="internal">
        <lane id=":gneJ4_3_0" index="0" speed="6.51" length="9.03" shape="207.20,1.60 204.75,1.95 203.00,3.00 201.95,4.75 201.60,7.20"/>
    </edge>
    <edge id=":gneJ4_4" function="internal">
        <lane id=":gneJ4_4_0" index="0" speed="13.89" length="14.40" shape="207.20,1.60 192.80,1.60"/>
    </edge>
    <edge id=":gneJ4_5" function="internal">
        <lane id=":gneJ4_5_0" index="0" speed="8.00" length="5.93" shape="207.20,1.60 203.35,1.05 201.60,0.00"/>
    </edge>
    <edge id=":gneJ4_13" function="internal">
        <lane id=":gneJ4_13_0" index="0" speed="8.00" length="8.26" shape="201.60,0.00 200.60,-0.60 198.95,-3.35 198.40,-7.20"/>
    </edge>
    <edge id=":gneJ4_6" function="internal">
        <lane id=":gneJ4_6_0" index="0" speed="6.51" length="9.03" shape="201.60,-7.20 201.95,-4.75 203.00,-3.00 204.75,-1.95 207.20,-1.60"/>
    </edge>
    <edge id=":gneJ4_7" function="internal">
        <lane id=":gneJ4_7_0" index="0" speed="13.89" length="14.40" shape="201.60,-7.20 201.60,7.20"/>
    </edge>
    <edge id=":gneJ4_8" function="internal">
        <lane id=":gneJ4_8_0" index="0" speed="8.00" length="5.93" shape="201.60,-7.20 201.05,-3.35 200.00,-1.60"/>
    </edge>
    <edge id=":gneJ4_14" function="internal">
        <lane id=":gneJ4_14_0" index="0" speed="8.00" length="8.26" shape="200.00,-1.60 199.40,-0.60 196.65,1.05 192.80,1.60"/>
    </edge>
    <edge id=":gneJ4_9" function="internal">
        <lane id=":gneJ4_9_0" index="0" speed="6.51" length="9.03" shape="192.80,-1.60 195.25,-1.95 197.00,-3.00 198.05,-4.75 198.40,-7.20"/>
    </edge>
    <edge id=":gneJ4_10" function="internal">
        <lane id=":gneJ4_10_0" index="0" speed="13.89" length="14.40" shape="192.80,-1.60 207.20,-1.60"/>
    </edge>
    <edge id=":gneJ4_11" function="internal">
        <lane id=":gneJ4_11_0" index="0" speed="8.00" length="5.93" shape="192.80,-1.60 196.65,-1.05 198.40,-0.00"/>
    </edge>
    <edge id=":gneJ4_15" function="internal">
        <lane id=":gneJ4_15_0" index="0" speed="8.00" length="8.26" shape="198.40,-0.00 199.40,0.60 201.05,3.35 201.60,7.20"/>
    </edge>
    <edge id=":gneJ40_0" function="internal">
        <lane id=":gneJ40_0_0" index="0" speed="3.95" length="3.61" shape="698.40,-294.82 698.26,-295.88 697.82,-296.47 697.10,-296.60 696.08,-296.25"/>
    </edge>
    <edge id=":gneJ40_1" function="internal">
        <lane id=":gneJ40_1_0" index="0" speed="6.16" length="10.83" shape="694.65,-299.12 697.69,-300.15 699.86,-299.78 701.17,-298.00 701.60,-294.82"/>
    </edge>
    <edge id=":gneJ42_0" function="internal">
        <lane id=":gneJ42_0_0" index="0" speed="6.49" length="14.35" shape="692.27,-1.60 696.83,-1.09 698.92,0.45 698.53,3.01 695.67,6.59"/>
    </edge>
    <edge id=":gneJ42_1" function="internal">
        <lane id=":gneJ42_1_0" index="0" speed="4.12" length="4.78" shape="693.41,4.33 694.36,3.14 694.49,2.28 693.79,1.77 692.27,1.60"/>
    </edge>
    <edge id=":gneJ44_0" function="internal">
        <lane id=":gneJ44_0_0" index="0" speed="6.63" length="3.77" shape="99.81,202.07 99.19,201.33 98.75,200.52 98.49,199.63 98.40,198.67"/>
    </edge>
    <edge id=":gneJ44_1" function="internal">
        <lane id=":gneJ44_1_0" index="0" speed="4.20" length="1.26" shape="101.60,198.67 101.63,198.99 101.72,199.29 101.86,199.56 102.07,199.81"/>
    </edge>
    <edge id=":gneJ5_0" function="internal">
        <lane id=":gneJ5_0_0" index="0" speed="6.08" length="7.74" shape="-1.60,3.20 -1.30,1.10 -0.40,-0.40 1.10,-1.30 3.20,-1.60"/>
    </edge>
    <edge id=":gneJ5_1" function="internal">
        <lane id=":gneJ5_1_0" index="0" speed="3.90" length="2.58" shape="3.20,1.60 2.50,1.70 2.00,2.00 1.70,2.50 1.60,3.20"/>
    </edge>
    <edge id=":gneJ51_0" function="internal">
        <lane id=":gneJ51_0_0" index="0" speed="7.64" length="2.50" shape="404.52,451.00 404.10,450.39 403.86,449.94 403.74,449.44 403.64,448.71"/>
    </edge>
    <edge id=":gneJ51_1" function="internal">
        <lane id=":gneJ51_1_0" index="0" speed="13.89" length="0.83" shape="406.83,448.36 406.86,448.61 406.90,448.77 406.98,448.92 407.12,449.13"/>
    </edge>
    <edge id=":gneJ52_0" function="internal">
        <lane id=":gneJ52_0_0" index="0" speed="6.41" length="4.48" shape="446.30,505.65 445.15,505.51 444.13,505.13 443.24,504.51 442.47,503.65"/>
    </edge>
    <edge id=":gneJ52_1" function="internal">
        <lane id=":gneJ52_1_0" index="0" speed="4.08" length="1.49" shape="445.06,501.78 445.32,502.07 445.62,502.27 445.96,502.40 446.34,502.45"/>
    </edge>
    <edge id=":gneJ53_0" function="internal">
        <lane id=":gneJ53_0_0" index="0" speed="7.23" length="2.87" shape="507.48,505.63 506.76,506.08 506.22,506.32 505.63,506.41 504.79,506.42"/>
    </edge>
    <edge id=":gneJ53_1" function="internal">
        <lane id=":gneJ53_1_0" index="0" speed="13.89" length="0.96" shape="504.83,503.22 505.11,503.21 505.31,503.18 505.49,503.10 505.73,502.96"/>
    </edge>
    <edge id=":gneJ54_0" function="internal">
        <lane id=":gneJ54_0_0" index="0" speed="6.33" length="4.86" shape="546.73,477.31 546.61,478.57 546.21,479.67 545.53,480.62 544.56,481.42"/>
    </edge>
    <edge id=":gneJ54_1" function="internal">
        <lane id=":gneJ54_1_0" index="0" speed="4.04" length="1.62" shape="542.81,478.74 543.13,478.47 543.36,478.15 543.49,477.79 543.53,477.37"/>
    </edge>
    <edge id=":gneJ55_0" function="internal">
        <lane id=":gneJ55_0_0" index="0" speed="6.07" length="7.89" shape="542.01,390.80 542.28,388.65 543.18,387.12 544.70,386.21 546.85,385.92"/>
    </edge>
    <edge id=":gneJ55_1" function="internal">
        <lane id=":gneJ55_1_0" index="0" speed="3.90" length="2.63" shape="546.83,389.12 546.11,389.22 545.60,389.52 545.30,390.03 545.21,390.75"/>
    </edge>
    <edge id=":gneJ6_0" function="internal">
        <lane id=":gneJ6_0_0" index="0" speed="6.08" length="7.74" shape="203.20,201.60 201.10,201.30 199.60,200.40 198.70,198.90 198.40,196.80"/>
    </edge>
    <edge id=":gneJ6_1" function="internal">
        <lane id=":gneJ6_1_0" index="0" speed="3.90" length="2.58" shape="201.60,196.80 201.70,197.50 202.00,198.00 202.50,198.30 203.20,198.40"/>
    </edge>
    <edge id=":gneJ7_0" function="internal">
        <lane id=":gneJ7_0_0" index="0" speed="6.08" length="7.74" shape="198.40,-196.80 198.70,-198.90 199.60,-200.40 201.10,-201.30 203.20,-201.60"/>
    </edge>
    <edge id=":gneJ7_1" function="internal">
        <lane id=":gneJ7_1_0" index="0" speed="3.90" length="2.58" shape="203.20,-198.40 202.50,-198.30 202.00,-198.00 201.70,-197.50 201.60,-196.80"/>
    </edge>
    <edge id=":gneJ8_0" function="internal">
        <lane id=":gneJ8_0_0" index="0" speed="3.90" length="2.58" shape="398.40,3.20 398.30,2.50 398.00,2.00 397.50,1.70 396.80,1.60"/>
    </edge>
    <edge id=":gneJ8_1" function="internal">
        <lane id=":gneJ8_1_0" index="0" speed="6.08" length="7.74" shape="396.80,-1.60 398.90,-1.30 400.40,-0.40 401.30,1.10 401.60,3.20"/>
    </edge>
    <edge id=":gneJ9_0" function="internal">
        <lane id=":gneJ9_0_0" index="0" speed="6.51" length="9.03" shape="-201.60,207.20 -201.95,204.75 -203.00,203.00 -204.75,201.95 -207.20,201.60"/>
    </edge>
    <edge id=":gneJ9_1" function="internal">
        <lane id=":gneJ9_1_0" index="0" speed="13.89" length="14.40" shape="-201.60,207.20 -201.60,192.80"/>
    </edge>
    <edge id=":gneJ9_2" function="internal">
        <lane id=":gneJ9_2_0" index="0" speed="8.00" length="5.93" shape="-201.60,207.20 -201.05,203.35 -200.00,201.60"/>
    </edge>
    <edge id=":gneJ9_12" function="internal">
        <lane id=":gneJ9_12_0" index="0" speed="8.00" length="8.26" shape="-200.00,201.60 -199.40,200.60 -196.65,198.95 -192.80,198.40"/>
    </edge>
    <edge id=":gneJ9_3" function="internal">
        <lane id=":gneJ9_3_0" index="0" speed="6.51" length="9.03" shape="-192.80,201.60 -195.25,201.95 -197.00,203.00 -198.05,204.75 -198.40,207.20"/>
    </edge>
    <edge id=":gneJ9_4" function="internal">
        <lane id=":gneJ9_4_0" index="0" speed="13.89" length="14.40" shape="-192.80,201.60 -207.20,201.60"/>
    </edge>
    <edge id=":gneJ9_5" function="internal">
        <lane id=":gneJ9_5_0" index="0" speed="8.00" length="5.93" shape="-192.80,201.60 -196.65,201.05 -198.40,200.00"/>
    </edge>
    <edge id=":gneJ9_13" function="internal">
        <lane id=":gneJ9_13_0" index="0" speed="8.00" length="8.26" shape="-198.40,200.00 -199.40,199.40 -201.05,196.65 -201.60,192.80"/>
    </edge>
    <edge id=":gneJ9_6" function="internal">
        <lane id=":gneJ9_6_0" index="0" speed="6.51" length="9.03" shape="-198.40,192.80 -198.05,195.25 -197.00,197.00 -195.25,198.05 -192.80,198.40"/>
    </edge>
    <edge id=":gneJ9_7" function="internal">
        <lane id=":gneJ9_7_0" index="0" speed="13.89" length="14.40" shape="-198.40,192.80 -198.40,207.20"/>
    </edge>
    <edge id=":gneJ9_8" function="internal">
        <lane id=":gneJ9_8_0" index="0" speed="8.00" length="5.93" shape="-198.40,192.80 -198.95,196.65 -200.00,198.40"/>
    </edge>
    <edge id=":gneJ9_14" function="internal">
        <lane id=":gneJ9_14_0" index="0" speed="8.00" length="8.26" shape="-200.00,198.40 -200.60,199.40 -203.35,201.05 -207.20,201.60"/>
    </edge>
    <edge id=":gneJ9_9" function="internal">
        <lane id=":gneJ9_9_0" index="0" speed="6.51" length="9.03" shape="-207.20,198.40 -204.75,198.05 -203.00,197.00 -201.95,195.25 -201.60,192.80"/>
    </edge>
    <edge id=":gneJ9_10" function="internal">
        <lane id=":gneJ9_10_0" index="0" speed="13.89" length="14.40" shape="-207.20,198.40 -192.80,198.40"/>
    </edge>
    <edge id=":gneJ9_11" function="internal">
        <lane id=":gneJ9_11_0" index="0" speed="8.00" length="5.93" shape="-207.20,198.40 -203.35,198.95 -201.60,200.00"/>
    </edge>
    <edge id=":gneJ9_15" function="internal">
        <lane id=":gneJ9_15_0" index="0" speed="8.00" length="8.26" shape="-201.60,200.00 -200.60,200.60 -198.95,203.35 -198.40,207.20"/>
    </edge>

    <edge id="-gneE10" from="gneJ5" to="gneJ11" priority="-1">
        <lane id="-gneE10_0" index="0" speed="13.89" length="189.60" shape="1.60,3.20 1.60,192.80"/>
    </edge>
    <edge id="-gneE11" from="gneJ14" to="gneJ11" priority="-1">
        <lane id="-gneE11_0" index="0" speed="13.89" length="130.77" shape="95.10,297.37 2.63,204.90"/>
    </edge>
    <edge id="-gneE12" from="gneJ15" to="gneJ14" priority="-1">
        <lane id="-gneE12_0" index="0" speed="13.89" length="285.60" shape="392.80,301.60 107.20,301.60"/>
    </edge>
    <edge id="-gneE13" from="gneJ17" to="gneJ16" priority="-1">
        <lane id="-gneE13_0" index="0" speed="13.89" length="496.80" shape="96.80,401.60 -400.00,401.60"/>
    </edge>
    <edge id="-gneE14" from="gneJ14" to="gneJ17" priority="-1">
        <lane id="-gneE14_0" index="0" speed="13.89" length="89.60" shape="101.60,307.20 101.60,396.80"/>
    </edge>
    <edge id="-gneE15" from="gneJ19" to="gneJ18" priority="-1">
        <lane id="-gneE15_0" index="0" speed="13.89" length="100.00" shape="-100.00,301.60 -200.00,301.60"/>
    </edge>
    <edge id="-gneE16" from="gneJ21" to="gneJ20" priority="-1">
        <lane id="-gneE16_0" index="0" speed="13.89" length="100.00" shape="-300.00,98.40 -200.00,98.40"/>
    </edge>
    <edge id="-gneE17" from="gneJ22" to="gneJ10" priority="-1">
        <lane id="-gneE17_0" index="0" speed="13.89" length="138.77" shape="-99.81,-97.93 -197.93,0.19"/>
    </edge>
    <edge id="-gneE18" from="gneJ23" to="gneJ22" priority="-1">
        <lane id="-gneE18_0" index="0" speed="13.89" length="95.47" shape="-3.20,-98.40 -98.67,-98.40"/>
    </edge>
    <edge id="-gneE19" from="gneJ24" to="gneJ23" priority="-1">
        <lane id="-gneE19_0" index="0" speed="13.89" length="193.60" shape="1.60,-296.80 1.60,-103.20"/>
    </edge>
    <edge id="-gneE2" from="gneJ5" to="gneJ4" priority="-1">
        <lane id="-gneE2_0" index="0" speed="13.89" length="189.60" shape="3.20,-1.60 192.80,-1.60"/>
    </edge>
    <edge id="-gneE20" from="gneJ26" to="gneJ25" priority="-1">
        <lane id="-gneE20_0" index="0" speed="13.89" length="96.80" shape="96.80,-198.40 0.00,-198.40"/>
    </edge>
    <edge id="-gneE21" from="gneJ27" to="gneJ24" priority="-1">
        <lane id="-gneE21_0" index="0" speed="13.89" length="296.80" shape="300.00,-298.40 3.20,-298.40"/>
    </edge>
    <edge id="-gneE22" from="gneJ15" to="gneJ28" priority="-1">
        <lane id="-gneE22_0" index="0" speed="13.89" length="92.63" shape="401.60,307.20 401.60,399.83"/>
    </edge>
    <edge id="-gneE23" from="gneJ8" to="gneJ15" priority="-1">
        <lane id="-gneE23_0" index="0" speed="13.89" length="289.60" shape="401.60,3.20 401.60,292.80"/>
    </edge>
    <edge id="-gneE24" from="gneJ29" to="gneJ15" priority="-1">
        <lane id="-gneE24_0" index="0" speed="13.89" length="192.80" shape="600.00,301.60 407.20,301.60"/>
    </edge>
    <edge id="-gneE25" from="gneJ30" to="gneJ6" priority="-1">
        <lane id="-gneE25_0" index="0" speed="13.89" length="96.80" shape="300.00,201.60 203.20,201.60"/>
    </edge>
    <edge id="-gneE26" from="gneJ31" to="gneJ7" priority="-1">
        <lane id="-gneE26_0" index="0" speed="13.89" length="296.04" shape="499.24,-198.40 203.20,-198.40"/>
    </edge>
    <edge id="-gneE27" from="gneJ32" to="gneJ27" priority="-1">
        <lane id="-gneE27_0" index="0" speed="13.89" length="300.00" shape="600.00,-298.40 300.00,-298.40"/>
    </edge>
    <edge id="-gneE28" from="gneJ34" to="gneJ33" priority="-1">
        <lane id="-gneE28_0" index="0" speed="13.89" length="392.80" shape="501.60,-92.80 501.60,300.00"/>
    </edge>
    <edge id="-gneE29" from="gneJ36" to="gneJ35" priority="-1">
        <lane id="-gneE29_0" index="0" speed="13.89" length="200.00" shape="700.00,201.60 500.00,201.60"/>
    </edge>
    <edge id="-gneE3" from="gneJ4" to="gneJ6" priority="-1">
        <lane id="-gneE3_0" index="0" speed="13.89" length="189.60" shape="201.60,7.20 201.60,196.80"/>
    </edge>
    <edge id="-gneE30" from="gneJ38" to="gneJ37" priority="-1">
        <lane id="-gneE30_0" index="0" speed="13.89" length="100.00" shape="600.00,1.60 500.00,1.60"/>
    </edge>
    <edge id="-gneE31" from="gneJ39" to="gneJ34" priority="-1">
        <lane id="-gneE31_0" index="0" speed="13.89" length="92.80" shape="600.00,-98.40 507.20,-98.40"/>
    </edge>
    <edge id="-gneE32" from="gneJ40" to="gneJ31" priority="-1">
        <lane id="-gneE32_0" index="0" speed="13.89" length="217.67" shape="696.08,-296.25 501.39,-198.91"/>
    </edge>
    <edge id="-gneE33" from="gneJ41" to="gneJ40" priority="-1">
        <lane id="-gneE33_0" index="0" speed="13.89" length="194.82" shape="698.40,-100.00 698.40,-294.82"/>
    </edge>
    <edge id="-gneE34" from="gneJ42" to="gneJ38" priority="-1">
        <lane id="-gneE34_0" index="0" speed="13.89" length="92.27" shape="692.27,1.60 600.00,1.60"/>
    </edge>
    <edge id="-gneE35" from="gneJ42" to="gneJ43" priority="-1">
        <lane id="-gneE35_0" index="0" speed="13.89" length="133.70" shape="695.67,6.59 601.13,101.13"/>
    </edge>
    <edge id="-gneE36" from="gneJ45" to="gneJ44" priority="-1">
        <lane id="-gneE36_0" index="0" speed="13.89" length="140.10" shape="198.87,301.13 99.81,202.07"/>
    </edge>
    <edge id="-gneE37" from="gneJ46" to="gneJ44" priority="-1">
        <lane id="-gneE37_0" index="0" speed="13.89" length="98.67" shape="101.60,100.00 101.60,198.67"/>
    </edge>
    <edge id="-gneE38" from="gneJ48" to="gneJ47" priority="-1">
        <lane id="-gneE38_0" index="0" speed="13.89" length="100.00" shape="-98.40,100.00 -98.40,200.00"/>
    </edge>
    <edge id="-gneE39" from="gneJ49" to="gneJ26" priority="-1">
        <lane id="-gneE39_0" index="0" speed="13.89" length="96.80" shape="98.40,-100.00 98.40,-196.80"/>
    </edge>
    <edge id="-gneE4" from="gneJ7" to="gneJ4" priority="-1">
        <lane id="-gneE4_0" index="0" speed="13.89" length="189.60" shape="201.60,-196.80 201.60,-7.20"/>
    </edge>
    <edge id="-gneE40" from="gneJ50" to="gneJ34" priority="-1">
        <lane id="-gneE40_0" index="0" speed="13.89" length="192.80" shape="300.00,-101.60 492.80,-101.60"/>
    </edge>
    <edge id="-gneE41" from="gneJ51" to="gneJ28" priority="-1">
        <lane id="-gneE41_0" index="0" speed="13.89" length="48.64" shape="403.64,448.71 398.43,400.34"/>
    </edge>
    <edge id="-gneE42" from="gneJ52" to="gneJ51" priority="-1">
        <lane id="-gneE42_0" index="0" speed="13.89" length="64.90" shape="442.47,503.65 404.52,451.00"/>
    </edge>
    <edge id="-gneE43" from="gneJ53" to="gneJ52" priority="-1">
        <lane id="-gneE43_0" index="0" speed="13.89" length="58.50" shape="504.79,506.42 446.30,505.65"/>
    </edge>
    <edge id="-gneE44" from="gneJ54" to="gneJ53" priority="-1">
        <lane id="-gneE44_0" index="0" speed="13.89" length="44.29" shape="544.56,481.42 507.48,505.63"/>
    </edge>
    <edge id="-gneE45" from="gneJ55" to="gneJ54" priority="-1">
        <lane id="-gneE45_0" index="0" speed="13.89" length="86.58" shape="545.21,390.75 546.73,477.31"/>
    </edge>
    <edge id="-gneE46" from="gneJ56" to="gneJ55" priority="-1">
        <lane id="-gneE46_0" index="0" speed="13.89" length="93.16" shape="639.98,389.90 546.83,389.12"/>
    </edge>
    <edge id="-gneE5" from="gneJ8" to="gneJ4" priority="-1">
        <lane id="-gneE5_0" index="0" speed="13.89" length="189.60" shape="396.80,1.60 207.20,1.60"/>
    </edge>
    <edge id="-gneE6" from="gneJ10" to="gneJ9" priority="-1">
        <lane id="-gneE6_0" index="0" speed="13.89" length="191.47" shape="-198.40,1.33 -198.40,192.80"/>
    </edge>
    <edge id="-gneE7" from="gneJ11" to="gneJ9" priority="-1">
        <lane id="-gneE7_0" index="0" speed="13.89" length="185.60" shape="-7.20,201.60 -192.80,201.60"/>
    </edge>
    <edge id="-gneE8" from="gneJ12" to="gneJ9" priority="-1">
        <lane id="-gneE8_0" index="0" speed="13.89" length="192.80" shape="-201.60,400.00 -201.60,207.20"/>
    </edge>
    <edge id="-gneE9" from="gneJ13" to="gneJ9" priority="-1">
        <lane id="-gneE9_0" index="0" speed="13.89" length="192.80" shape="-400.00,198.40 -207.20,198.40"/>
    </edge>
    <edge id="gneE10" from="gneJ11" to="gneJ5" priority="-1">
        <lane id="gneE10_0" index="0" speed="13.89" length="189.60" shape="-1.60,192.80 -1.60,3.20"/>
    </edge>
    <edge id="gneE11" from="gneJ11" to="gneJ14" priority="-1">
        <lane id="gneE11_0" index="0" speed="13.89" length="130.77" shape="4.90,202.63 97.37,295.10"/>
    </edge>
    <edge id="gneE12" from="gneJ14" to="gneJ15" priority="-1">
        <lane id="gneE12_0" index="0" speed="13.89" length="285.60" shape="107.20,298.40 392.80,298.40"/>
    </edge>
    <edge id="gneE13" from="gneJ16" to="gneJ17" priority="-1">
        <lane id="gneE13_0" index="0" speed="13.89" length="496.80" shape="-400.00,398.40 96.80,398.40"/>
    </edge>
    <edge id="gneE14" from="gneJ17" to="gneJ14" priority="-1">
        <lane id="gneE14_0" index="0" speed="13.89" length="89.60" shape="98.40,396.80 98.40,307.20"/>
    </edge>
    <edge id="gneE15" from="gneJ18" to="gneJ19" priority="-1">
        <lane id="gneE15_0" index="0" speed="13.89" length="100.00" shape="-200.00,298.40 -100.00,298.40"/>
    </edge>
    <edge id="gneE16" from="gneJ20" to="gneJ21" priority="-1">
        <lane id="gneE16_0" index="0" speed="13.89" length="100.00" shape="-200.00,101.60 -300.00,101.60"/>
    </edge>
    <edge id="gneE17" from="gneJ10" to="gneJ22" priority="-1">
        <lane id="gneE17_0" index="0" speed="13.89" length="138.77" shape="-200.19,-2.07 -102.07,-100.19"/>
    </edge>
    <edge id="gneE18" from="gneJ22" to="gneJ23" priority="-1">
        <lane id="gneE18_0" index="0" speed="13.89" length="95.47" shape="-98.67,-101.60 -3.20,-101.60"/>
    </edge>
    <edge id="gneE19" from="gneJ23" to="gneJ24" priority="-1">
        <lane id="gneE19_0" index="0" speed="13.89" length="193.60" shape="-1.60,-103.20 -1.60,-296.80"/>
    </edge>
    <edge id="gneE2" from="gneJ4" to="gneJ5" priority="-1">
        <lane id="gneE2_0" index="0" speed="13.89" length="189.60" shape="192.80,1.60 3.20,1.60"/>
    </edge>
    <edge id="gneE20" from="gneJ25" to="gneJ26" priority="-1">
        <lane id="gneE20_0" index="0" speed="13.89" length="96.80" shape="0.00,-201.60 96.80,-201.60"/>
    </edge>
    <edge id="gneE21" from="gneJ24" to="gneJ27" priority="-1">
        <lane id="gneE21_0" index="0" speed="13.89" length="296.80" shape="3.20,-301.60 300.00,-301.60"/>
    </edge>
    <edge id="gneE22" from="gneJ28" to="gneJ15" priority="-1">
        <lane id="gneE22_0" index="0" speed="13.89" length="92.63" shape="398.40,399.83 398.40,307.20"/>
    </edge>
    <edge id="gneE23" from="gneJ15" to="gneJ8" priority="-1">
        <lane id="gneE23_0" index="0" speed="13.89" length="289.60" shape="398.40,292.80 398.40,3.20"/>
    </edge>
    <edge id="gneE24" from="gneJ15" to="gneJ29" priority="-1">
        <lane id="gneE24_0" index="0" speed="13.89" length="192.80" shape="407.20,298.40 600.00,298.40"/>
    </edge>
    <edge id="gneE25" from="gneJ6" to="gneJ30" priority="-1">
        <lane id="gneE25_0" index="0" speed="13.89" length="96.80" shape="203.20,198.40 300.00,198.40"/>
    </edge>
    <edge id="gneE26" from="gneJ7" to="gneJ31" priority="-1">
        <lane id="gneE26_0" index="0" speed="13.89" length="296.04" shape="203.20,-201.60 499.24,-201.60"/>
    </edge>
    <edge id="gneE27" from="gneJ27" to="gneJ32" priority="-1">
        <lane id="gneE27_0" index="0" speed="13.89" length="300.00" shape="300.00,-301.60 600.00,-301.60"/>
    </edge>
    <edge id="gneE28" from="gneJ33" to="gneJ34" priority="-1">
        <lane id="gneE28_0" index="0" speed="13.89" length="392.80" shape="498.40,300.00 498.40,-92.80"/>
    </edge>
    <edge id="gneE29" from="gneJ35" to="gneJ36" priority="-1">
        <lane id="gneE29_0" index="0" speed="13.89" length="200.00" shape="500.00,198.40 700.00,198.40"/>
    </edge>
    <edge id="gneE3" from="gneJ6" to="gneJ4" priority="-1">
        <lane id="gneE3_0" index="0" speed="13.89" length="189.60" shape="198.40,196.80 198.40,7.20"/>
    </edge>
    <edge id="gneE30" from="gneJ37" to="gneJ38" priority="-1">
        <lane id="gneE30_0" index="0" speed="13.89" length="100.00" shape="500.00,-1.60 600.00,-1.60"/>
    </edge>
    <edge id="gneE31" from="gneJ34" to="gneJ39" priority="-1">
        <lane id="gneE31_0" index="0" speed="13.89" length="92.80" shape="507.20,-101.60 600.00,-101.60"/>
    </edge>
    <edge id="gneE32" from="gneJ31" to="gneJ40" priority="-1">
        <lane id="gneE32_0" index="0" speed="13.89" length="217.67" shape="499.96,-201.77 694.65,-299.12"/>
    </edge>
    <edge id="gneE33" from="gneJ40" to="gneJ41" priority="-1">
        <lane id="gneE33_0" index="0" speed="13.89" length="194.82" shape="701.60,-294.82 701.60,-100.00"/>
    </edge>
    <edge id="gneE34" from="gneJ38" to="gneJ42" priority="-1">
        <lane id="gneE34_0" index="0" speed="13.89" length="92.27" shape="600.00,-1.60 692.27,-1.60"/>
    </edge>
    <edge id="gneE35" from="gneJ43" to="gneJ42" priority="-1">
        <lane id="gneE35_0" index="0" speed="13.89" length="133.70" shape="598.87,98.87 693.41,4.33"/>
    </edge>
    <edge id="gneE36" from="gneJ44" to="gneJ45" priority="-1">
        <lane id="gneE36_0" index="0" speed="13.89" length="140.10" shape="102.07,199.81 201.13,298.87"/>
    </edge>
    <edge id="gneE37" from="gneJ44" to="gneJ46" priority="-1">
        <lane id="gneE37_0" index="0" speed="13.89" length="98.67" shape="98.40,198.67 98.40,100.00"/>
    </edge>
    <edge id="gneE38" from="gneJ47" to="gneJ48" priority="-1">
        <lane id="gneE38_0" index="0" speed="13.89" length="100.00" shape="-101.60,200.00 -101.60,100.00"/>
    </edge>
    <edge id="gneE39" from="gneJ26" to="gneJ49" priority="-1">
        <lane id="gneE39_0" index="0" speed="13.89" length="96.80" shape="101.60,-196.80 101.60,-100.00"/>
    </edge>
    <edge id="gneE4" from="gneJ4" to="gneJ7" priority="-1">
        <lane id="gneE4_0" index="0" speed="13.89" length="189.60" shape="198.40,-7.20 198.40,-196.80"/>
    </edge>
    <edge id="gneE40" from="gneJ34" to="gneJ50" priority="-1">
        <lane id="gneE40_0" index="0" speed="13.89" length="192.80" shape="492.80,-98.40 300.00,-98.40"/>
    </edge>
    <edge id="gneE41" from="gneJ28" to="gneJ51" priority="-1">
        <lane id="gneE41_0" index="0" speed="13.89" length="48.64" shape="401.61,400.00 406.83,448.36"/>
    </edge>
    <edge id="gneE42" from="gneJ51" to="gneJ52" priority="-1">
        <lane id="gneE42_0" index="0" speed="13.89" length="64.90" shape="407.12,449.13 445.06,501.78"/>
    </edge>
    <edge id="gneE43" from="gneJ52" to="gneJ53" priority="-1">
        <lane id="gneE43_0" index="0" speed="13.89" length="58.50" shape="446.34,502.45 504.83,503.22"/>
    </edge>
    <edge id="gneE44" from="gneJ53" to="gneJ54" priority="-1">
        <lane id="gneE44_0" index="0" speed="13.89" length="44.29" shape="505.73,502.96 542.81,478.74"/>
    </edge>
    <edge id="gneE45" from="gneJ54" to="gneJ55" priority="-1">
        <lane id="gneE45_0" index="0" speed="13.89" length="86.58" shape="543.53,477.37 542.01,390.80"/>
    </edge>
    <edge id="gneE46" from="gneJ55" to="gneJ56" priority="-1">
        <lane id="gneE46_0" index="0" speed="13.89" length="93.16" shape="546.85,385.92 640.01,386.70"/>
    </edge>
    <edge id="gneE5" from="gneJ4" to="gneJ8" priority="-1">
        <lane id="gneE5_0" index="0" speed="13.89" length="189.60" shape="207.20,-1.60 396.80,-1.60"/>
    </edge>
    <edge id="gneE6" from="gneJ9" to="gneJ10" priority="-1">
        <lane id="gneE6_0" index="0" speed="13.89" length="191.47" shape="-201.60,192.80 -201.60,1.33"/>
    </edge>
    <edge id="gneE7" from="gneJ9" to="gneJ11" priority="-1">
        <lane id="gneE7_0" index="0" speed="13.89" length="185.60" shape="-192.80,198.40 -7.20,198.40"/>
    </edge>
    <edge id="gneE8" from="gneJ9" to="gneJ12" priority="-1">
        <lane id="gneE8_0" index="0" speed="13.89" length="192.80" shape="-198.40,207.20 -198.40,400.00"/>
    </edge>
    <edge id="gneE9" from="gneJ9" to="gneJ13" priority="-1">
        <lane id="gneE9_0" index="0" speed="13.89" length="192.80" shape="-207.20,201.60 -400.00,201.60"/>
    </edge>

    <tlLogic id="gneJ15" type="static" programID="0" offset="0">
        <phase duration="42" state="GGgrrrGGgrrr"/>
        <phase duration="3"  state="yyyrrryyyrrr"/>
        <phase duration="42" state="rrrGGgrrrGGg"/>
        <phase duration="3"  state="rrryyyrrryyy"/>
    </tlLogic>
    <tlLogic id="gneJ4" type="static" programID="0" offset="0">
        <phase duration="42" state="GGgrrrGGgrrr"/>
        <phase duration="3"  state="yyyrrryyyrrr"/>
        <phase duration="42" state="rrrGGgrrrGGg"/>
        <phase duration="3"  state="rrryyyrrryyy"/>
    </tlLogic>
    <tlLogic id="gneJ9" type="static" programID="0" offset="0">
        <phase duration="42" state="GGgrrrGGgrrr"/>
        <phase duration="3"  state="yyyrrryyyrrr"/>
        <phase duration="42" state="rrrGGgrrrGGg"/>
        <phase duration="3"  state="rrryyyrrryyy"/>
    </tlLogic>

    <junction id="gneJ10" type="priority" x="-200.00" y="0.00" incLanes="gneE6_0 -gneE17_0" intLanes=":gneJ10_0_0 :gneJ10_1_0" shape="-203.20,1.33 -196.80,1.33 -201.33,-3.20 -202.37,-1.86 -202.73,-1.13 -202.99,-0.36 -203.15,0.46">
        <request index="0" response="00" foes="00" cont="0"/>
        <request index="1" response="00" foes="00" cont="0"/>
    </junction>
    <junction id="gneJ11" type="priority" x="0.00" y="200.00" incLanes="-gneE11_0 -gneE10_0 gneE7_0" intLanes=":gneJ11_0_0 :gneJ11_1_0 :gneJ11_2_0 :gneJ11_6_0 :gneJ11_4_0 :gneJ11_5_0" shape="1.50,206.03 6.03,201.50 4.46,199.28 3.91,197.91 3.51,196.38 3.28,194.67 3.20,192.80 -3.20,192.80 -3.64,195.02 -4.20,195.80 -4.98,196.36 -5.98,196.69 -7.20,196.80 -7.20,203.20 -3.62,203.51 -2.09,203.91 -0.72,204.46 0.48,205.16">
        <request index="0" response="000000" foes="001000" cont="0"/>
        <request index="1" response="000000" foes="111000" cont="0"/>
        <request index="2" response="000000" foes="100000" cont="0"/>
        <request index="3" response="000011" foes="100011" cont="1"/>
        <request index="4" response="000010" foes="000010" cont="0"/>
        <request index="5" response="001110" foes="001110" cont="0"/>
    </junction>
    <junction id="gneJ12" type="dead_end" x="-200.00" y="400.00" incLanes="gneE8_0" intLanes="" shape="-200.00,400.00 -196.80,400.00 -200.00,400.00"/>
    <junction id="gneJ13" type="dead_end" x="-400.00" y="200.00" incLanes="gneE9_0" intLanes="" shape="-400.00,200.00 -400.00,203.20 -400.00,200.00"/>
    <junction id="gneJ14" type="priority" x="100.00" y="300.00" incLanes="gneE14_0 -gneE12_0 gneE11_0" intLanes=":gneJ14_0_0 :gneJ14_6_0 :gneJ14_2_0 :gneJ14_3_0 :gneJ14_4_0 :gneJ14_5_0" shape="96.80,307.20 103.20,307.20 103.64,304.98 104.20,304.20 104.98,303.64 105.98,303.31 107.20,303.20 107.20,296.80 103.62,296.49 102.09,296.09 100.72,295.54 99.52,294.84 98.50,293.97 93.97,298.50 95.54,300.72 96.09,302.09 96.49,303.62 96.72,305.33">
        <request index="0" response="000000" foes="001000" cont="0"/>
        <request index="1" response="110000" foes="111000" cont="1"/>
        <request index="2" response="100000" foes="100000" cont="0"/>
        <request index="3" response="100011" foes="100011" cont="0"/>
        <request index="4" response="000000" foes="000010" cont="0"/>
        <request index="5" response="000000" foes="001110" cont="0"/>
    </junction>
    <junction id="gneJ15" type="traffic_light" x="400.00" y="300.00" incLanes="gneE22_0 -gneE24_0 -gneE23_0 gneE12_0" intLanes=":gneJ15_0_0 :gneJ15_1_0 :gneJ15_12_0 :gneJ15_3_0 :gneJ15_4_0 :gneJ15_13_0 :gneJ15_6_0 :gneJ15_7_0 :gneJ15_14_0 :gneJ15_9_0 :gneJ15_10_0 :gneJ15_15_0" shape="396.80,307.20 403.20,307.20 403.64,304.98 404.20,304.20 404.98,303.64 405.98,303.31 407.20,303.20 407.20,296.80 404.98,296.36 404.20,295.80 403.64,295.02 403.31,294.02 403.20,292.80 396.80,292.80 396.36,295.02 395.80,295.80 395.02,296.36 394.02,296.69 392.80,296.80 392.80,303.20 395.02,303.64 395.80,304.20 396.36,304.98 396.69,305.98">
        <request index="0"  response="000000000000" foes="000100010000" cont="0"/>
        <request index="1"  response="100000100000" foes="111100110000" cont="0"/>
        <request index="2"  response="100011100000" foes="110011110000" cont="1"/>
        <request index="3"  response="000010000000" foes="100010000000" cont="0"/>
        <request index="4"  response="000110000111" foes="100110000111" cont="0"/>
        <request index="5"  response="011110000110" foes="011110000110" cont="1"/>
        <request index="6"  response="000000000000" foes="010000000100" cont="0"/>
        <request index="7"  response="100000100000" foes="110000111100" cont="0"/>
        <request index="8"  response="100000100011" foes="110000110011" cont="1"/>
        <request index="9"  response="000000000010" foes="000000100010" cont="0"/>
        <request index="10" response="000111000110" foes="000111100110" cont="0"/>
        <request index="11" response="000110011110" foes="000110011110" cont="1"/>
    </junction>
    <junction id="gneJ16" type="dead_end" x="-400.00" y="400.00" incLanes="-gneE13_0" intLanes="" shape="-400.00,400.00 -400.00,403.20 -400.00,400.00"/>
    <junction id="gneJ17" type="priority" x="100.00" y="400.00" incLanes="-gneE14_0 gneE13_0" intLanes=":gneJ17_0_0 :gneJ17_1_0" shape="103.20,396.80 96.80,396.80 96.80,403.20 100.36,402.49 101.60,401.60 102.49,400.36 103.02,398.76">
        <request index="0" response="00" foes="00" cont="0"/>
        <request index="1" response="00" foes="00" cont="0"/>
    </junction>
    <junction id="gneJ18" type="dead_end" x="-200.00" y="300.00" incLanes="-gneE15_0" intLanes="" shape="-200.00,300.00 -200.00,303.20 -200.00,300.00"/>
    <junction id="gneJ19" type="dead_end" x="-100.00" y="300.00" incLanes="gneE15_0" intLanes="" shape="-100.00,300.00 -100.00,296.80 -100.00,300.00"/>
    <junction id="gneJ20" type="dead_end" x="-200.00" y="100.00" incLanes="-gneE16_0" intLanes="" shape="-200.00,100.00 -200.00,96.80 -200.00,100.00"/>
    <junction id="gneJ21" type="dead_end" x="-300.00" y="100.00" incLanes="gneE16_0" intLanes="" shape="-300.00,100.00 -300.00,103.20 -300.00,100.00"/>
    <junction id="gneJ22" type="priority" x="-100.00" y="-100.00" incLanes="-gneE18_0 gneE17_0" intLanes=":gneJ22_0_0 :gneJ22_1_0" shape="-98.67,-96.80 -98.67,-103.20 -100.36,-102.99 -101.13,-102.73 -101.86,-102.37 -102.55,-101.90 -103.20,-101.33">
        <request index="0" response="00" foes="00" cont="0"/>
        <request index="1" response="00" foes="00" cont="0"/>
    </junction>
    <junction id="gneJ23" type="priority" x="0.00" y="-100.00" incLanes="-gneE19_0 gneE18_0" intLanes=":gneJ23_0_0 :gneJ23_1_0" shape="3.20,-103.20 -3.20,-103.20 -3.20,-96.80 0.36,-97.51 1.60,-98.40 2.49,-99.64 3.02,-101.24">
        <request index="0" response="00" foes="00" cont="0"/>
        <request index="1" response="00" foes="00" cont="0"/>
    </junction>
    <junction id="gneJ24" type="priority" x="0.00" y="-300.00" incLanes="gneE19_0 -gneE21_0" intLanes=":gneJ24_0_0 :gneJ24_1_0" shape="-3.20,-296.80 3.20,-296.80 3.20,-303.20 -0.36,-302.49 -1.60,-301.60 -2.49,-300.36 -3.02,-298.76">
        <request index="0" response="00" foes="00" cont="0"/>
        <request index="1" response="00" foes="00" cont="0"/>
    </junction>
    <junction id="gneJ25" type="dead_end" x="0.00" y="-200.00" incLanes="-gneE20_0" intLanes="" shape="0.00,-200.00 0.00,-196.80 0.00,-200.00"/>
    <junction id="gneJ26" type="priority" x="100.00" y="-200.00" incLanes="-gneE39_0 gneE20_0" intLanes=":gneJ26_0_0 :gneJ26_1_0" shape="96.80,-196.80 103.20,-196.80 102.49,-200.36 101.60,-201.60 100.36,-202.49 98.76,-203.02 96.80,-203.20">
        <request index="0" response="00" foes="00" cont="0"/>
        <request index="1" response="00" foes="00" cont="0"/>
    </junction>
    <junction id="gneJ27" type="priority" x="300.00" y="-300.00" incLanes="-gneE27_0 gneE21_0" intLanes=":gneJ27_0_0 :gneJ27_1_0" shape="300.00,-296.80 300.00,-303.20 300.00,-296.80">
        <request index="0" response="00" foes="00" cont="0"/>
        <request index="1" response="00" foes="00" cont="0"/>
    </junction>
    <junction id="gneJ28" type="priority" x="400.00" y="400.00" incLanes="-gneE41_0 -gneE22_0" intLanes=":gneJ28_0_0 :gneJ28_1_0" shape="396.84,400.51 403.20,399.83 396.80,399.83 396.80,400.08 396.80,400.17 396.81,400.26">
        <request index="0" response="00" foes="00" cont="0"/>
        <request index="1" response="00" foes="00" cont="0"/>
    </junction>
    <junction id="gneJ29" type="dead_end" x="600.00" y="300.00" incLanes="gneE24_0" intLanes="" shape="600.00,300.00 600.00,296.80 600.00,300.00"/>
    <junction id="gneJ30" type="dead_end" x="300.00" y="200.00" incLanes="gneE25_0" intLanes="" shape="300.00,200.00 300.00,196.80 300.00,200.00"/>
    <junction id="gneJ31" type="priority" x="500.00" y="-200.00" incLanes="-gneE32_0 gneE26_0" intLanes=":gneJ31_0_0 :gneJ31_1_0" shape="502.11,-197.48 499.24,-203.20 499.24,-196.80 500.35,-196.83 500.73,-196.89 501.11,-197.01 501.54,-197.20">
        <request index="0" response="00" foes="00" cont="0"/>
        <request index="1" response="00" foes="00" cont="0"/>
    </junction>
    <junction id="gneJ32" type="dead_end" x="600.00" y="-300.00" incLanes="gneE27_0" intLanes="" shape="600.00,-300.00 600.00,-303.20 600.00,-300.00"/>
    <junction id="gneJ33" type="dead_end" x="500.00" y="300.00" incLanes="-gneE28_0" intLanes="" shape="500.00,300.00 503.20,300.00 500.00,300.00"/>
    <junction id="gneJ34" type="priority" x="500.00" y="-100.00" incLanes="gneE28_0 -gneE31_0 -gneE40_0" intLanes=":gneJ34_0_0 :gneJ34_1_0 :gneJ34_2_0 :gneJ34_3_0 :gneJ34_4_0 :gneJ34_6_0" shape="496.80,-92.80 503.20,-92.80 503.64,-95.02 504.20,-95.80 504.98,-96.36 505.98,-96.69 507.20,-96.80 507.20,-103.20 492.80,-103.20 492.80,-96.80 495.02,-96.36 495.80,-95.80 496.36,-95.02 496.69,-94.02">
        <request index="0" response="001000" foes="001000" cont="0"/>
        <request index="1" response="111000" foes="111000" cont="0"/>
        <request index="2" response="000000" foes="100000" cont="0"/>
        <request index="3" response="000000" foes="100011" cont="0"/>
        <request index="4" response="000000" foes="000010" cont="0"/>
        <request index="5" response="001100" foes="001110" cont="1"/>
    </junction>
    <junction id="gneJ35" type="dead_end" x="500.00" y="200.00" incLanes="-gneE29_0" intLanes="" shape="500.00,200.00 500.00,203.20 500.00,200.00"/>
    <junction id="gneJ36" type="dead_end" x="700.00" y="200.00" incLanes="gneE29_0" intLanes="" shape="700.00,200.00 700.00,196.80 700.00,200.00"/>
    <junction id="gneJ37" type="dead_end" x="500.00" y="0.00" incLanes="-gneE30_0" intLanes="" shape="500.00,0.00 500.00,3.20 500.00,0.00"/>
    <junction id="gneJ38" type="priority" x="600.00" y="0.00" incLanes="-gneE34_0 gneE30_0" intLanes=":gneJ38_0_0 :gneJ38_1_0" shape="600.00,3.20 600.00,-3.20 600.00,3.20">
        <request index="0" response="00" foes="00" cont="0"/>
        <request index="1" response="00" foes="00" cont="0"/>
    </junction>
    <junction id="gneJ39" type="dead_end" x="600.00" y="-100.00" incLanes="gneE31_0" intLanes="" shape="600.00,-100.00 600.00,-103.20 600.00,-100.00"/>
    <junction id="gneJ4" type="traffic_light" x="200.00" y="0.00" incLanes="gneE3_0 -gneE5_0 -gneE4_0 -gneE2_0" intLanes=":gneJ4_0_0 :gneJ4_1_0 :gneJ4_12_0 :gneJ4_3_0 :gneJ4_4_0 :gneJ4_13_0 :gneJ4_6_0 :gneJ4_7_0 :gneJ4_14_0 :gneJ4_9_0 :gneJ4_10_0 :gneJ4_15_0" shape="196.80,7.20 203.20,7.20 203.64,4.98 204.20,4.20 204.98,3.64 205.98,3.31 207.20,3.20 207.20,-3.20 204.98,-3.64 204.20,-4.20 203.64,-4.98 203.31,-5.98 203.20,-7.20 196.80,-7.20 196.36,-4.98 195.80,-4.20 195.02,-3.64 194.02,-3.31 192.80,-3.20 192.80,3.20 195.02,3.64 195.80,4.20 196.36,4.98 196.69,5.98">
        <request index="0"  response="000000000000" foes="000100010000" cont="0"/>
        <request index="1"  response="100000100000" foes="111100110000" cont="0"/>
        <request index="2"  response="100011100000" foes="110011110000" cont="1"/>
        <request index="3"  response="000010000000" foes="100010000000" cont="0"/>
        <request index="4"  response="000110000111" foes="100110000111" cont="0"/>
        <request index="5"  response="011110000110" foes="011110000110" cont="1"/>
        <request index="6"  response="000000000000" foes="010000000100" cont="0"/>
        <request index="7"  response="100000100000" foes="110000111100" cont="0"/>
        <request index="8"  response="100000100011" foes="110000110011" cont="1"/>
        <request index="9"  response="000000000010" foes="000000100010" cont="0"/>
        <request index="10" response="000111000110" foes="000111100110" cont="0"/>
        <request index="11" response="000110011110" foes="000110011110" cont="1"/>
    </junction>
    <junction id="gneJ40" type="priority" x="700.00" y="-300.00" incLanes="-gneE33_0 gneE32_0" intLanes=":gneJ40_0_0 :gneJ40_1_0" shape="696.80,-294.82 703.20,-294.82 702.94,-297.86 702.17,-300.06 700.88,-301.43 699.08,-301.97 696.77,-301.67 693.94,-300.55">
        <request index="0" response="00" foes="00" cont="0"/>
        <request index="1" response="00" foes="00" cont="0"/>
    </junction>
    <junction id="gneJ41" type="dead_end" x="700.00" y="-100.00" incLanes="gneE33_0" intLanes="" shape="700.00,-100.00 703.20,-100.00 700.00,-100.00"/>
    <junction id="gneJ42" type="priority" x="700.00" y="0.00" incLanes="gneE34_0 gneE35_0" intLanes=":gneJ42_0_0 :gneJ42_1_0" shape="692.27,-3.20 692.27,3.20 696.80,7.73 699.71,4.39 701.15,1.66 701.13,-0.47 699.64,-1.99 696.69,-2.90">
        <request index="0" response="00" foes="00" cont="0"/>
        <request index="1" response="00" foes="00" cont="0"/>
    </junction>
    <junction id="gneJ43" type="dead_end" x="600.00" y="100.00" incLanes="-gneE35_0" intLanes="" shape="600.00,100.00 602.26,102.26 600.00,100.00"/>
    <junction id="gneJ44" type="priority" x="100.00" y="200.00" incLanes="-gneE36_0 -gneE37_0" intLanes=":gneJ44_0_0 :gneJ44_1_0" shape="98.67,203.20 103.20,198.67 96.80,198.67 96.90,200.55 97.09,201.21 97.42,201.80 97.93,202.43">
        <request index="0" response="00" foes="00" cont="0"/>
        <request index="1" response="00" foes="00" cont="0"/>
    </junction>
    <junction id="gneJ45" type="dead_end" x="200.00" y="300.00" incLanes="gneE36_0" intLanes="" shape="200.00,300.00 202.26,297.74 200.00,300.00"/>
    <junction id="gneJ46" type="dead_end" x="100.00" y="100.00" incLanes="gneE37_0" intLanes="" shape="100.00,100.00 96.80,100.00 100.00,100.00"/>
    <junction id="gneJ47" type="dead_end" x="-100.00" y="200.00" incLanes="-gneE38_0" intLanes="" shape="-100.00,200.00 -96.80,200.00 -100.00,200.00"/>
    <junction id="gneJ48" type="dead_end" x="-100.00" y="100.00" incLanes="gneE38_0" intLanes="" shape="-100.00,100.00 -103.20,100.00 -100.00,100.00"/>
    <junction id="gneJ49" type="dead_end" x="100.00" y="-100.00" incLanes="gneE39_0" intLanes="" shape="100.00,-100.00 103.20,-100.00 100.00,-100.00"/>
    <junction id="gneJ5" type="priority" x="0.00" y="0.00" incLanes="gneE10_0 gneE2_0" intLanes=":gneJ5_0_0 :gneJ5_1_0" shape="-3.20,3.20 3.20,3.20 3.20,-3.20 -0.36,-2.49 -1.60,-1.60 -2.49,-0.36 -3.02,1.24">
        <request index="0" response="00" foes="00" cont="0"/>
        <request index="1" response="00" foes="00" cont="0"/>
    </junction>
    <junction id="gneJ50" type="dead_end" x="300.00" y="-100.00" incLanes="gneE40_0" intLanes="" shape="300.00,-100.00 300.00,-96.80 300.00,-100.00"/>
    <junction id="gneJ51" type="priority" x="405.33" y="449.38" incLanes="-gneE42_0 gneE41_0" intLanes=":gneJ51_0_0 :gneJ51_1_0" shape="403.22,451.93 408.42,448.19 402.05,448.88 402.22,450.10 402.35,450.52 402.54,450.91 402.82,451.36">
        <request index="0" response="00" foes="00" cont="0"/>
        <request index="1" response="00" foes="00" cont="0"/>
    </junction>
    <junction id="gneJ52" type="priority" x="444.71" y="504.02" incLanes="-gneE43_0 gneE42_0" intLanes=":gneJ52_0_0 :gneJ52_1_0" shape="446.28,507.25 446.36,500.85 441.17,504.59 442.57,506.05 443.39,506.56 444.28,506.93 445.24,507.16">
        <request index="0" response="00" foes="00" cont="0"/>
        <request index="1" response="00" foes="00" cont="0"/>
    </junction>
    <junction id="gneJ53" type="priority" x="505.78" y="504.83" incLanes="-gneE44_0 gneE43_0" intLanes=":gneJ53_0_0 :gneJ53_1_0" shape="508.35,506.97 504.85,501.62 504.77,508.02 506.18,507.98 506.67,507.89 507.14,507.70 507.67,507.41">
        <request index="0" response="00" foes="00" cont="0"/>
        <request index="1" response="00" foes="00" cont="0"/>
    </junction>
    <junction id="gneJ54" type="priority" x="545.16" y="479.11" incLanes="-gneE45_0 gneE44_0" intLanes=":gneJ54_0_0 :gneJ54_1_0" shape="548.33,477.29 541.93,477.40 545.43,482.76 547.07,481.29 547.64,480.42 548.04,479.47 548.27,478.42">
        <request index="0" response="00" foes="00" cont="0"/>
        <request index="1" response="00" foes="00" cont="0"/>
    </junction>
    <junction id="gneJ55" type="priority" x="543.56" y="387.49" incLanes="gneE45_0 -gneE46_0" intLanes=":gneJ55_0_0 :gneJ55_1_0" shape="540.42,390.83 546.81,390.72 546.87,384.32 544.86,384.49 543.23,385.02 541.97,385.92 541.08,387.19 540.56,388.83">
        <request index="0" response="00" foes="00" cont="0"/>
        <request index="1" response="00" foes="00" cont="0"/>
    </junction>
    <junction id="gneJ56" type="dead_end" x="640.00" y="388.30" incLanes="gneE46_0" intLanes="" shape="640.00,388.30 640.02,385.10 640.00,388.30"/>
    <junction id="gneJ6" type="priority" x="200.00" y="200.00" incLanes="-gneE25_0 -gneE3_0" intLanes=":gneJ6_0_0 :gneJ6_1_0" shape="203.20,203.20 203.20,196.80 196.80,196.80 197.51,200.36 198.40,201.60 199.64,202.49 201.24,203.02">
        <request index="0" response="00" foes="00" cont="0"/>
        <request index="1" response="00" foes="00" cont="0"/>
    </junction>
    <junction id="gneJ7" type="priority" x="200.00" y="-200.00" incLanes="gneE4_0 -gneE26_0" intLanes=":gneJ7_0_0 :gneJ7_1_0" shape="196.80,-196.80 203.20,-196.80 203.20,-203.20 199.64,-202.49 198.40,-201.60 197.51,-200.36 196.98,-198.76">
        <request index="0" response="00" foes="00" cont="0"/>
        <request index="1" response="00" foes="00" cont="0"/>
    </junction>
    <junction id="gneJ8" type="priority" x="400.00" y="0.00" incLanes="gneE23_0 gneE5_0" intLanes=":gneJ8_0_0 :gneJ8_1_0" shape="396.80,3.20 403.20,3.20 402.49,-0.36 401.60,-1.60 400.36,-2.49 398.76,-3.02 396.80,-3.20">
        <request index="0" response="00" foes="00" cont="0"/>
        <request index="1" response="00" foes="00" cont="0"/>
    </junction>
    <junction id="gneJ9" type="traffic_light" x="-200.00" y="200.00" incLanes="-gneE8_0 -gneE7_0 -gneE6_0 -gneE9_0" intLanes=":gneJ9_0_0 :gneJ9_1_0 :gneJ9_12_0 :gneJ9_3_0 :gneJ9_4_0 :gneJ9_13_0 :gneJ9_6_0 :gneJ9_7_0 :gneJ9_14_0 :gneJ9_9_0 :gneJ9_10_0 :gneJ9_15_0" shape="-203.20,207.20 -196.80,207.20 -196.36,204.98 -195.80,204.20 -195.02,203.64 -194.02,203.31 -192.80,203.20 -192.80,196.80 -195.02,196.36 -195.80,195.80 -196.36,195.02 -196.69,194.02 -196.80,192.80 -203.20,192.80 -203.64,195.02 -204.20,195.80 -204.98,196.36 -205.98,196.69 -207.20,196.80 -207.20,203.20 -204.98,203.64 -204.20,204.20 -203.64,204.98 -203.31,205.98">
        <request index="0"  response="000000000000" foes="000100010000" cont="0"/>
        <request index="1"  response="100000100000" foes="111100110000" cont="0"/>
        <request index="2"  response="100011100000" foes="110011110000" cont="1"/>
        <request index="3"  response="000010000000" foes="100010000000" cont="0"/>
        <request index="4"  response="000110000111" foes="100110000111" cont="0"/>
        <request index="5"  response="011110000110" foes="011110000110" cont="1"/>
        <request index="6"  response="000000000000" foes="010000000100" cont="0"/>
        <request index="7"  response="100000100000" foes="110000111100" cont="0"/>
        <request index="8"  response="100000100011" foes="110000110011" cont="1"/>
        <request index="9"  response="000000000010" foes="000000100010" cont="0"/>
        <request index="10" response="000111000110" foes="000111100110" cont="0"/>
        <request index="11" response="000110011110" foes="000110011110" cont="1"/>
    </junction>

    <junction id=":gneJ11_6_0" type="internal" x="0.55" y="197.48" incLanes=":gneJ11_3_0 -gneE11_0" intLanes=":gneJ11_0_0 :gneJ11_1_0 :gneJ11_5_0"/>
    <junction id=":gneJ14_6_0" type="internal" x="99.45" y="302.52" incLanes=":gneJ14_1_0 gneE11_0" intLanes=":gneJ14_3_0 :gneJ14_4_0 :gneJ14_5_0"/>
    <junction id=":gneJ15_12_0" type="internal" x="400.00" y="301.60" incLanes=":gneJ15_2_0 -gneE23_0" intLanes=":gneJ15_4_0 :gneJ15_5_0 :gneJ15_6_0 :gneJ15_7_0 :gneJ15_10_0 :gneJ15_11_0"/>
    <junction id=":gneJ15_13_0" type="internal" x="401.60" y="300.00" incLanes=":gneJ15_5_0 gneE12_0" intLanes=":gneJ15_1_0 :gneJ15_2_0 :gneJ15_7_0 :gneJ15_8_0 :gneJ15_9_0 :gneJ15_10_0"/>
    <junction id=":gneJ15_14_0" type="internal" x="400.00" y="298.40" incLanes=":gneJ15_8_0 gneE22_0" intLanes=":gneJ15_0_0 :gneJ15_1_0 :gneJ15_4_0 :gneJ15_5_0 :gneJ15_10_0 :gneJ15_11_0"/>
    <junction id=":gneJ15_15_0" type="internal" x="398.40" y="300.00" incLanes=":gneJ15_11_0 -gneE24_0" intLanes=":gneJ15_1_0 :gneJ15_2_0 :gneJ15_3_0 :gneJ15_4_0 :gneJ15_7_0 :gneJ15_8_0"/>
    <junction id=":gneJ34_6_0" type="internal" x="498.40" y="-100.00" incLanes=":gneJ34_5_0 -gneE31_0" intLanes=":gneJ34_1_0 :gneJ34_2_0 :gneJ34_3_0"/>
    <junction id=":gneJ4_12_0" type="internal" x="200.00" y="1.60" incLanes=":gneJ4_2_0 -gneE4_0" intLanes=":gneJ4_4_0 :gneJ4_5_0 :gneJ4_6_0 :gneJ4_7_0 :gneJ4_10_0 :gneJ4_11_0"/>
    <junction id=":gneJ4_13_0" type="internal" x="201.60" y="0.00" incLanes=":gneJ4_5_0 -gneE2_0" intLanes=":gneJ4_1_0 :gneJ4_2_0 :gneJ4_7_0 :gneJ4_8_0 :gneJ4_9_0 :gneJ4_10_0"/>
    <junction id=":gneJ4_14_0" type="internal" x="200.00" y="-1.60" incLanes=":gneJ4_8_0 gneE3_0" intLanes=":gneJ4_0_0 :gneJ4_1_0 :gneJ4_4_0 :gneJ4_5_0 :gneJ4_10_0 :gneJ4_11_0"/>
    <junction id=":gneJ4_15_0" type="internal" x="198.40" y="-0.00" incLanes=":gneJ4_11_0 -gneE5_0" intLanes=":gneJ4_1_0 :gneJ4_2_0 :gneJ4_3_0 :gneJ4_4_0 :gneJ4_7_0 :gneJ4_8_0"/>
    <junction id=":gneJ9_12_0" type="internal" x="-200.00" y="201.60" incLanes=":gneJ9_2_0 -gneE6_0" intLanes=":gneJ9_4_0 :gneJ9_5_0 :gneJ9_6_0 :gneJ9_7_0 :gneJ9_10_0 :gneJ9_11_0"/>
    <junction id=":gneJ9_13_0" type="internal" x="-198.40" y="200.00" incLanes=":gneJ9_5_0 -gneE9_0" intLanes=":gneJ9_1_0 :gneJ9_2_0 :gneJ9_7_0 :gneJ9_8_0 :gneJ9_9_0 :gneJ9_10_0"/>
    <junction id=":gneJ9_14_0" type="internal" x="-200.00" y="198.40" incLanes=":gneJ9_8_0 -gneE8_0" intLanes=":gneJ9_0_0 :gneJ9_1_0 :gneJ9_4_0 :gneJ9_5_0 :gneJ9_10_0 :gneJ9_11_0"/>
    <junction id=":gneJ9_15_0" type="internal" x="-201.60" y="200.00" incLanes=":gneJ9_11_0 -gneE7_0" intLanes=":gneJ9_1_0 :gneJ9_2_0 :gneJ9_3_0 :gneJ9_4_0 :gneJ9_7_0 :gneJ9_8_0"/>

    <connection from="-gneE10" to="gneE11" fromLane="0" toLane="0" via=":gneJ11_2_0" dir="r" state="M"/>
    <connection from="-gneE10" to="-gneE7" fromLane="0" toLane="0" via=":gneJ11_3_0" dir="l" state="m"/>
    <connection from="-gneE11" to="-gneE7" fromLane="0" toLane="0" via=":gneJ11_0_0" dir="r" state="M"/>
    <connection from="-gneE11" to="gneE10" fromLane="0" toLane="0" via=":gneJ11_1_0" dir="l" state="M"/>
    <connection from="-gneE12" to="-gneE14" fromLane="0" toLane="0" via=":gneJ14_2_0" dir="r" state="m"/>
    <connection from="-gneE12" to="-gneE11" fromLane="0" toLane="0" via=":gneJ14_3_0" dir="l" state="m"/>
    <connection from="-gneE14" to="-gneE13" fromLane="0" toLane="0" via=":gneJ17_0_0" dir="l" state="M"/>
    <connection from="-gneE17" to="-gneE6" fromLane="0" toLane="0" via=":gneJ10_1_0" dir="r" state="M"/>
    <connection from="-gneE18" to="-gneE17" fromLane="0" toLane="0" via=":gneJ22_0_0" dir="r" state="M"/>
    <connection from="-gneE19" to="-gneE18" fromLane="0" toLane="0" via=":gneJ23_0_0" dir="l" state="M"/>
    <connection from="-gneE2" to="gneE4" fromLane="0" toLane="0" via=":gneJ4_9_0" tl="gneJ4" linkIndex="9" dir="r" state="o"/>
    <connection from="-gneE2" to="gneE5" fromLane="0" toLane="0" via=":gneJ4_10_0" tl="gneJ4" linkIndex="10" dir="s" state="o"/>
    <connection from="-gneE2" to="-gneE3" fromLane="0" toLane="0" via=":gneJ4_11_0" tl="gneJ4" linkIndex="11" dir="l" state="o"/>
    <connection from="-gneE21" to="-gneE19" fromLane="0" toLane="0" via=":gneJ24_1_0" dir="r" state="M"/>
    <connection from="-gneE22" to="gneE41" fromLane="0" toLane="0" via=":gneJ28_1_0" dir="s" state="M"/>
    <connection from="-gneE23" to="gneE24" fromLane="0" toLane="0" via=":gneJ15_6_0" tl="gneJ15" linkIndex="6" dir="r" state="O"/>
    <connection from="-gneE23" to="-gneE22" fromLane="0" toLane="0" via=":gneJ15_7_0" tl="gneJ15" linkIndex="7" dir="s" state="O"/>
    <connection from="-gneE23" to="-gneE12" fromLane="0" toLane="0" via=":gneJ15_8_0" tl="gneJ15" linkIndex="8" dir="l" state="o"/>
    <connection from="-gneE24" to="-gneE22" fromLane="0" toLane="0" via=":gneJ15_3_0" tl="gneJ15" linkIndex="3" dir="r" state="o"/>
    <connection from="-gneE24" to="-gneE12" fromLane="0" toLane="0" via=":gneJ15_4_0" tl="gneJ15" linkIndex="4" dir="s" state="o"/>
    <connection from="-gneE24" to="gneE23" fromLane="0" toLane="0" via=":gneJ15_5_0" tl="gneJ15" linkIndex="5" dir="l" state="o"/>
    <connection from="-gneE25" to="gneE3" fromLane="0" toLane="0" via=":gneJ6_0_0" dir="l" state="M"/>
    <connection from="-gneE26" to="-gneE4" fromLane="0" toLane="0" via=":gneJ7_1_0" dir="r" state="M"/>
    <connection from="-gneE27" to="-gneE21" fromLane="0" toLane="0" via=":gneJ27_0_0" dir="s" state="M"/>
    <connection from="-gneE3" to="gneE25" fromLane="0" toLane="0" via=":gneJ6_1_0" dir="r" state="M"/>
    <connection from="-gneE31" to="-gneE28" fromLane="0" toLane="0" via=":gneJ34_2_0" dir="r" state="M"/>
    <connection from="-gneE31" to="gneE40" fromLane="0" toLane="0" via=":gneJ34_3_0" dir="s" state="M"/>
    <connection from="-gneE32" to="-gneE26" fromLane="0" toLane="0" via=":gneJ31_0_0" dir="s" state="M"/>
    <connection from="-gneE33" to="-gneE32" fromLane="0" toLane="0" via=":gneJ40_0_0" dir="r" state="M"/>
    <connection from="-gneE34" to="-gneE30" fromLane="0" toLane="0" via=":gneJ38_0_0" dir="s" state="M"/>
    <connection from="-gneE36" to="gneE37" fromLane="0" toLane="0" via=":gneJ44_0_0" dir="l" state="M"/>
    <connection from="-gneE37" to="gneE36" fromLane="0" toLane="0" via=":gneJ44_1_0" dir="r" state="M"/>
    <connection from="-gneE39" to="-gneE20" fromLane="0" toLane="0" via=":gneJ26_0_0" dir="r" state="M"/>
    <connection from="-gneE4" to="gneE5" fromLane="0" toLane="0" via=":gneJ4_6_0" tl="gneJ4" linkIndex="6" dir="r" state="O"/>
    <connection from="-gneE4" to="-gneE3" fromLane="0" toLane="0" via=":gneJ4_7_0" tl="gneJ4" linkIndex="7" dir="s" state="O"/>
    <connection from="-gneE4" to="gneE2" fromLane="0" toLane="0" via=":gneJ4_8_0" tl="gneJ4" linkIndex="8" dir="l" state="o"/>
    <connection from="-gneE40" to="gneE31" fromLane="0" toLane="0" via=":gneJ34_4_0" dir="s" state="M"/>
    <connection from="-gneE40" to="-gneE28" fromLane="0" toLane="0" via=":gneJ34_5_0" dir="l" state="m"/>
    <connection from="-gneE41" to="gneE22" fromLane="0" toLane="0" via=":gneJ28_0_0" dir="s" state="M"/>
    <connection from="-gneE42" to="-gneE41" fromLane="0" toLane="0" via=":gneJ51_0_0" dir="s" state="M"/>
    <connection from="-gneE43" to="-gneE42" fromLane="0" toLane="0" via=":gneJ52_0_0" dir="l" state="M"/>
    <connection from="-gneE44" to="-gneE43" fromLane="0" toLane="0" via=":gneJ53_0_0" dir="s" state="M"/>
    <connection from="-gneE45" to="-gneE44" fromLane="0" toLane="0" via=":gneJ54_0_0" dir="l" state="M"/>
    <connection from="-gneE46" to="-gneE45" fromLane="0" toLane="0" via=":gneJ55_1_0" dir="r" state="M"/>
    <connection from="-gneE5" to="-gneE3" fromLane="0" toLane="0" via=":gneJ4_3_0" tl="gneJ4" linkIndex="3" dir="r" state="o"/>
    <connection from="-gneE5" to="gneE2" fromLane="0" toLane="0" via=":gneJ4_4_0" tl="gneJ4" linkIndex="4" dir="s" state="o"/>
    <connection from="-gneE5" to="gneE4" fromLane="0" toLane="0" via=":gneJ4_5_0" tl="gneJ4" linkIndex="5" dir="l" state="o"/>
    <connection from="-gneE6" to="gneE7" fromLane="0" toLane="0" via=":gneJ9_6_0" tl="gneJ9" linkIndex="6" dir="r" state="O"/>
    <connection from="-gneE6" to="gneE8" fromLane="0" toLane="0" via=":gneJ9_7_0" tl="gneJ9" linkIndex="7" dir="s" state="O"/>
    <connection from="-gneE6" to="gneE9" fromLane="0" toLane="0" via=":gneJ9_8_0" tl="gneJ9" linkIndex="8" dir="l" state="o"/>
    <connection from="-gneE7" to="gneE8" fromLane="0" toLane="0" via=":gneJ9_3_0" tl="gneJ9" linkIndex="3" dir="r" state="o"/>
    <connection from="-gneE7" to="gneE9" fromLane="0" toLane="0" via=":gneJ9_4_0" tl="gneJ9" linkIndex="4" dir="s" state="o"/>
    <connection from="-gneE7" to="gneE6" fromLane="0" toLane="0" via=":gneJ9_5_0" tl="gneJ9" linkIndex="5" dir="l" state="o"/>
    <connection from="-gneE8" to="gneE9" fromLane="0" toLane="0" via=":gneJ9_0_0" tl="gneJ9" linkIndex="0" dir="r" state="O"/>
    <connection from="-gneE8" to="gneE6" fromLane="0" toLane="0" via=":gneJ9_1_0" tl="gneJ9" linkIndex="1" dir="s" state="O"/>
    <connection from="-gneE8" to="gneE7" fromLane="0" toLane="0" via=":gneJ9_2_0" tl="gneJ9" linkIndex="2" dir="l" state="o"/>
    <connection from="-gneE9" to="gneE6" fromLane="0" toLane="0" via=":gneJ9_9_0" tl="gneJ9" linkIndex="9" dir="r" state="o"/>
    <connection from="-gneE9" to="gneE7" fromLane="0" toLane="0" via=":gneJ9_10_0" tl="gneJ9" linkIndex="10" dir="s" state="o"/>
    <connection from="-gneE9" to="gneE8" fromLane="0" toLane="0" via=":gneJ9_11_0" tl="gneJ9" linkIndex="11" dir="l" state="o"/>
    <connection from="gneE10" to="-gneE2" fromLane="0" toLane="0" via=":gneJ5_0_0" dir="l" state="M"/>
    <connection from="gneE11" to="gneE12" fromLane="0" toLane="0" via=":gneJ14_4_0" dir="r" state="M"/>
    <connection from="gneE11" to="-gneE14" fromLane="0" toLane="0" via=":gneJ14_5_0" dir="l" state="M"/>
    <connection from="gneE12" to="gneE23" fromLane="0" toLane="0" via=":gneJ15_9_0" tl="gneJ15" linkIndex="9" dir="r" state="o"/>
    <connection from="gneE12" to="gneE24" fromLane="0" toLane="0" via=":gneJ15_10_0" tl="gneJ15" linkIndex="10" dir="s" state="o"/>
    <connection from="gneE12" to="-gneE22" fromLane="0" toLane="0" via=":gneJ15_11_0" tl="gneJ15" linkIndex="11" dir="l" state="o"/>
    <connection from="gneE13" to="gneE14" fromLane="0" toLane="0" via=":gneJ17_1_0" dir="r" state="M"/>
    <connection from="gneE14" to="-gneE11" fromLane="0" toLane="0" via=":gneJ14_0_0" dir="r" state="M"/>
    <connection from="gneE14" to="gneE12" fromLane="0" toLane="0" via=":gneJ14_1_0" dir="l" state="m"/>
    <connection from="gneE17" to="gneE18" fromLane="0" toLane="0" via=":gneJ22_1_0" dir="l" state="M"/>
    <connection from="gneE18" to="gneE19" fromLane="0" toLane="0" via=":gneJ23_1_0" dir="r" state="M"/>
    <connection from="gneE19" to="gneE21" fromLane="0" toLane="0" via=":gneJ24_0_0" dir="l" state="M"/>
    <connection from="gneE2" to="-gneE10" fromLane="0" toLane="0" via=":gneJ5_1_0" dir="r" state="M"/>
    <connection from="gneE20" to="gneE39" fromLane="0" toLane="0" via=":gneJ26_1_0" dir="l" state="M"/>
    <connection from="gneE21" to="gneE27" fromLane="0" toLane="0" via=":gneJ27_1_0" dir="s" state="M"/>
    <connection from="gneE22" to="-gneE12" fromLane="0" toLane="0" via=":gneJ15_0_0" tl="gneJ15" linkIndex="0" dir="r" state="O"/>
    <connection from="gneE22" to="gneE23" fromLane="0" toLane="0" via=":gneJ15_1_0" tl="gneJ15" linkIndex="1" dir="s" state="O"/>
    <connection from="gneE22" to="gneE24" fromLane="0" toLane="0" via=":gneJ15_2_0" tl="gneJ15" linkIndex="2" dir="l" state="o"/>
    <connection from="gneE23" to="-gneE5" fromLane="0" toLane="0" via=":gneJ8_0_0" dir="r" state="M"/>
    <connection from="gneE26" to="gneE32" fromLane="0" toLane="0" via=":gneJ31_1_0" dir="s" state="M"/>
    <connection from="gneE28" to="gneE40" fromLane="0" toLane="0" via=":gneJ34_0_0" dir="r" state="m"/>
    <connection from="gneE28" to="gneE31" fromLane="0" toLane="0" via=":gneJ34_1_0" dir="l" state="m"/>
    <connection from="gneE3" to="gneE2" fromLane="0" toLane="0" via=":gneJ4_0_0" tl="gneJ4" linkIndex="0" dir="r" state="O"/>
    <connection from="gneE3" to="gneE4" fromLane="0" toLane="0" via=":gneJ4_1_0" tl="gneJ4" linkIndex="1" dir="s" state="O"/>
    <connection from="gneE3" to="gneE5" fromLane="0" toLane="0" via=":gneJ4_2_0" tl="gneJ4" linkIndex="2" dir="l" state="o"/>
    <connection from="gneE30" to="gneE34" fromLane="0" toLane="0" via=":gneJ38_1_0" dir="s" state="M"/>
    <connection from="gneE32" to="gneE33" fromLane="0" toLane="0" via=":gneJ40_1_0" dir="l" state="M"/>
    <connection from="gneE34" to="-gneE35" fromLane="0" toLane="0" via=":gneJ42_0_0" dir="l" state="M"/>
    <connection from="gneE35" to="-gneE34" fromLane="0" toLane="0" via=":gneJ42_1_0" dir="r" state="M"/>
    <connection from="gneE4" to="gneE26" fromLane="0" toLane="0" via=":gneJ7_0_0" dir="l" state="M"/>
    <connection from="gneE41" to="gneE42" fromLane="0" toLane="0" via=":gneJ51_1_0" dir="s" state="M"/>
    <connection from="gneE42" to="gneE43" fromLane="0" toLane="0" via=":gneJ52_1_0" dir="r" state="M"/>
    <connection from="gneE43" to="gneE44" fromLane="0" toLane="0" via=":gneJ53_1_0" dir="s" state="M"/>
    <connection from="gneE44" to="gneE45" fromLane="0" toLane="0" via=":gneJ54_1_0" dir="r" state="M"/>
    <connection from="gneE45" to="gneE46" fromLane="0" toLane="0" via=":gneJ55_0_0" dir="l" state="M"/>
    <connection from="gneE5" to="-gneE23" fromLane="0" toLane="0" via=":gneJ8_1_0" dir="l" state="M"/>
    <connection from="gneE6" to="gneE17" fromLane="0" toLane="0" via=":gneJ10_0_0" dir="l" state="M"/>
    <connection from="gneE7" to="gneE10" fromLane="0" toLane="0" via=":gneJ11_4_0" dir="r" state="m"/>
    <connection from="gneE7" to="gneE11" fromLane="0" toLane="0" via=":gneJ11_5_0" dir="l" state="m"/>

    <connection from=":gneJ10_0" to="gneE17" fromLane="0" toLane="0" dir="l" state="M"/>
    <connection from=":gneJ10_1" to="-gneE6" fromLane="0" toLane="0" dir="r" state="M"/>
    <connection from=":gneJ11_0" to="-gneE7" fromLane="0" toLane="0" dir="r" state="M"/>
    <connection from=":gneJ11_1" to="gneE10" fromLane="0" toLane="0" dir="l" state="M"/>
    <connection from=":gneJ11_2" to="gneE11" fromLane="0" toLane="0" dir="r" state="M"/>
    <connection from=":gneJ11_3" to="-gneE7" fromLane="0" toLane="0" via=":gneJ11_6_0" dir="l" state="m"/>
    <connection from=":gneJ11_6" to="-gneE7" fromLane="0" toLane="0" dir="l" state="M"/>
    <connection from=":gneJ11_4" to="gneE10" fromLane="0" toLane="0" dir="r" state="M"/>
    <connection from=":gneJ11_5" to="gneE11" fromLane="0" toLane="0" dir="l" state="M"/>
    <connection from=":gneJ14_0" to="-gneE11" fromLane="0" toLane="0" dir="r" state="M"/>
    <connection from=":gneJ14_1" to="gneE12" fromLane="0" toLane="0" via=":gneJ14_6_0" dir="l" state="m"/>
    <connection from=":gneJ14_6" to="gneE12" fromLane="0" toLane="0" dir="l" state="M"/>
    <connection from=":gneJ14_2" to="-gneE14" fromLane="0" toLane="0" dir="r" state="M"/>
    <connection from=":gneJ14_3" to="-gneE11" fromLane="0" toLane="0" dir="l" state="M"/>
    <connection from=":gneJ14_4" to="gneE12" fromLane="0" toLane="0" dir="r" state="M"/>
    <connection from=":gneJ14_5" to="-gneE14" fromLane="0" toLane="0" dir="l" state="M"/>
    <connection from=":gneJ15_0" to="-gneE12" fromLane="0" toLane="0" dir="r" state="M"/>
    <connection from=":gneJ15_1" to="gneE23" fromLane="0" toLane="0" dir="s" state="M"/>
    <connection from=":gneJ15_2" to="gneE24" fromLane="0" toLane="0" via=":gneJ15_12_0" dir="l" state="m"/>
    <connection from=":gneJ15_12" to="gneE24" fromLane="0" toLane="0" dir="l" state="M"/>
    <connection from=":gneJ15_3" to="-gneE22" fromLane="0" toLane="0" dir="r" state="M"/>
    <connection from=":gneJ15_4" to="-gneE12" fromLane="0" toLane="0" dir="s" state="M"/>
    <connection from=":gneJ15_5" to="gneE23" fromLane="0" toLane="0" via=":gneJ15_13_0" dir="l" state="m"/>
    <connection from=":gneJ15_13" to="gneE23" fromLane="0" toLane="0" dir="l" state="M"/>
    <connection from=":gneJ15_6" to="gneE24" fromLane="0" toLane="0" dir="r" state="M"/>
    <connection from=":gneJ15_7" to="-gneE22" fromLane="0" toLane="0" dir="s" state="M"/>
    <connection from=":gneJ15_8" to="-gneE12" fromLane="0" toLane="0" via=":gneJ15_14_0" dir="l" state="m"/>
    <connection from=":gneJ15_14" to="-gneE12" fromLane="0" toLane="0" dir="l" state="M"/>
    <connection from=":gneJ15_9" to="gneE23" fromLane="0" toLane="0" dir="r" state="M"/>
    <connection from=":gneJ15_10" to="gneE24" fromLane="0" toLane="0" dir="s" state="M"/>
    <connection from=":gneJ15_11" to="-gneE22" fromLane="0" toLane="0" via=":gneJ15_15_0" dir="l" state="m"/>
    <connection from=":gneJ15_15" to="-gneE22" fromLane="0" toLane="0" dir="l" state="M"/>
    <connection from=":gneJ17_0" to="-gneE13" fromLane="0" toLane="0" dir="l" state="M"/>
    <connection from=":gneJ17_1" to="gneE14" fromLane="0" toLane="0" dir="r" state="M"/>
    <connection from=":gneJ22_0" to="-gneE17" fromLane="0" toLane="0" dir="r" state="M"/>
    <connection from=":gneJ22_1" to="gneE18" fromLane="0" toLane="0" dir="l" state="M"/>
    <connection from=":gneJ23_0" to="-gneE18" fromLane="0" toLane="0" dir="l" state="M"/>
    <connection from=":gneJ23_1" to="gneE19" fromLane="0" toLane="0" dir="r" state="M"/>
    <connection from=":gneJ24_0" to="gneE21" fromLane="0" toLane="0" dir="l" state="M"/>
    <connection from=":gneJ24_1" to="-gneE19" fromLane="0" toLane="0" dir="r" state="M"/>
    <connection from=":gneJ26_0" to="-gneE20" fromLane="0" toLane="0" dir="r" state="M"/>
    <connection from=":gneJ26_1" to="gneE39" fromLane="0" toLane="0" dir="l" state="M"/>
    <connection from=":gneJ27_0" to="-gneE21" fromLane="0" toLane="0" dir="s" state="M"/>
    <connection from=":gneJ27_1" to="gneE27" fromLane="0" toLane="0" dir="s" state="M"/>
    <connection from=":gneJ28_0" to="gneE22" fromLane="0" toLane="0" dir="s" state="M"/>
    <connection from=":gneJ28_1" to="gneE41" fromLane="0" toLane="0" dir="s" state="M"/>
    <connection from=":gneJ31_0" to="-gneE26" fromLane="0" toLane="0" dir="s" state="M"/>
    <connection from=":gneJ31_1" to="gneE32" fromLane="0" toLane="0" dir="s" state="M"/>
    <connection from=":gneJ34_0" to="gneE40" fromLane="0" toLane="0" dir="r" state="M"/>
    <connection from=":gneJ34_1" to="gneE31" fromLane="0" toLane="0" dir="l" state="M"/>
    <connection from=":gneJ34_2" to="-gneE28" fromLane="0" toLane="0" dir="r" state="M"/>
    <connection from=":gneJ34_3" to="gneE40" fromLane="0" toLane="0" dir="s" state="M"/>
    <connection from=":gneJ34_4" to="gneE31" fromLane="0" toLane="0" dir="s" state="M"/>
    <connection from=":gneJ34_5" to="-gneE28" fromLane="0" toLane="0" via=":gneJ34_6_0" dir="l" state="m"/>
    <connection from=":gneJ34_6" to="-gneE28" fromLane="0" toLane="0" dir="l" state="M"/>
    <connection from=":gneJ38_0" to="-gneE30" fromLane="0" toLane="0" dir="s" state="M"/>
    <connection from=":gneJ38_1" to="gneE34" fromLane="0" toLane="0" dir="s" state="M"/>
    <connection from=":gneJ4_0" to="gneE2" fromLane="0" toLane="0" dir="r" state="M"/>
    <connection from=":gneJ4_1" to="gneE4" fromLane="0" toLane="0" dir="s" state="M"/>
    <connection from=":gneJ4_2" to="gneE5" fromLane="0" toLane="0" via=":gneJ4_12_0" dir="l" state="m"/>
    <connection from=":gneJ4_12" to="gneE5" fromLane="0" toLane="0" dir="l" state="M"/>
    <connection from=":gneJ4_3" to="-gneE3" fromLane="0" toLane="0" dir="r" state="M"/>
    <connection from=":gneJ4_4" to="gneE2" fromLane="0" toLane="0" dir="s" state="M"/>
    <connection from=":gneJ4_5" to="gneE4" fromLane="0" toLane="0" via=":gneJ4_13_0" dir="l" state="m"/>
    <connection from=":gneJ4_13" to="gneE4" fromLane="0" toLane="0" dir="l" state="M"/>
    <connection from=":gneJ4_6" to="gneE5" fromLane="0" toLane="0" dir="r" state="M"/>
    <connection from=":gneJ4_7" to="-gneE3" fromLane="0" toLane="0" dir="s" state="M"/>
    <connection from=":gneJ4_8" to="gneE2" fromLane="0" toLane="0" via=":gneJ4_14_0" dir="l" state="m"/>
    <connection from=":gneJ4_14" to="gneE2" fromLane="0" toLane="0" dir="l" state="M"/>
    <connection from=":gneJ4_9" to="gneE4" fromLane="0" toLane="0" dir="r" state="M"/>
    <connection from=":gneJ4_10" to="gneE5" fromLane="0" toLane="0" dir="s" state="M"/>
    <connection from=":gneJ4_11" to="-gneE3" fromLane="0" toLane="0" via=":gneJ4_15_0" dir="l" state="m"/>
    <connection from=":gneJ4_15" to="-gneE3" fromLane="0" toLane="0" dir="l" state="M"/>
    <connection from=":gneJ40_0" to="-gneE32" fromLane="0" toLane="0" dir="r" state="M"/>
    <connection from=":gneJ40_1" to="gneE33" fromLane="0" toLane="0" dir="l" state="M"/>
    <connection from=":gneJ42_0" to="-gneE35" fromLane="0" toLane="0" dir="l" state="M"/>
    <connection from=":gneJ42_1" to="-gneE34" fromLane="0" toLane="0" dir="r" state="M"/>
    <connection from=":gneJ44_0" to="gneE37" fromLane="0" toLane="0" dir="l" state="M"/>
    <connection from=":gneJ44_1" to="gneE36" fromLane="0" toLane="0" dir="r" state="M"/>
    <connection from=":gneJ5_0" to="-gneE2" fromLane="0" toLane="0" dir="l" state="M"/>
    <connection from=":gneJ5_1" to="-gneE10" fromLane="0" toLane="0" dir="r" state="M"/>
    <connection from=":gneJ51_0" to="-gneE41" fromLane="0" toLane="0" dir="s" state="M"/>
    <connection from=":gneJ51_1" to="gneE42" fromLane="0" toLane="0" dir="s" state="M"/>
    <connection from=":gneJ52_0" to="-gneE42" fromLane="0" toLane="0" dir="l" state="M"/>
    <connection from=":gneJ52_1" to="gneE43" fromLane="0" toLane="0" dir="r" state="M"/>
    <connection from=":gneJ53_0" to="-gneE43" fromLane="0" toLane="0" dir="s" state="M"/>
    <connection from=":gneJ53_1" to="gneE44" fromLane="0" toLane="0" dir="s" state="M"/>
    <connection from=":gneJ54_0" to="-gneE44" fromLane="0" toLane="0" dir="l" state="M"/>
    <connection from=":gneJ54_1" to="gneE45" fromLane="0" toLane="0" dir="r" state="M"/>
    <connection from=":gneJ55_0" to="gneE46" fromLane="0" toLane="0" dir="l" state="M"/>
    <connection from=":gneJ55_1" to="-gneE45" fromLane="0" toLane="0" dir="r" state="M"/>
    <connection from=":gneJ6_0" to="gneE3" fromLane="0" toLane="0" dir="l" state="M"/>
    <connection from=":gneJ6_1" to="gneE25" fromLane="0" toLane="0" dir="r" state="M"/>
    <connection from=":gneJ7_0" to="gneE26" fromLane="0" toLane="0" dir="l" state="M"/>
    <connection from=":gneJ7_1" to="-gneE4" fromLane="0" toLane="0" dir="r" state="M"/>
    <connection from=":gneJ8_0" to="-gneE5" fromLane="0" toLane="0" dir="r" state="M"/>
    <connection from=":gneJ8_1" to="-gneE23" fromLane="0" toLane="0" dir="l" state="M"/>
    <connection from=":gneJ9_0" to="gneE9" fromLane="0" toLane="0" dir="r" state="M"/>
    <connection from=":gneJ9_1" to="gneE6" fromLane="0" toLane="0" dir="s" state="M"/>
    <connection from=":gneJ9_2" to="gneE7" fromLane="0" toLane="0" via=":gneJ9_12_0" dir="l" state="m"/>
    <connection from=":gneJ9_12" to="gneE7" fromLane="0" toLane="0" dir="l" state="M"/>
    <connection from=":gneJ9_3" to="gneE8" fromLane="0" toLane="0" dir="r" state="M"/>
    <connection from=":gneJ9_4" to="gneE9" fromLane="0" toLane="0" dir="s" state="M"/>
    <connection from=":gneJ9_5" to="gneE6" fromLane="0" toLane="0" via=":gneJ9_13_0" dir="l" state="m"/>
    <connection from=":gneJ9_13" to="gneE6" fromLane="0" toLane="0" dir="l" state="M"/>
    <connection from=":gneJ9_6" to="gneE7" fromLane="0" toLane="0" dir="r" state="M"/>
    <connection from=":gneJ9_7" to="gneE8" fromLane="0" toLane="0" dir="s" state="M"/>
    <connection from=":gneJ9_8" to="gneE9" fromLane="0" toLane="0" via=":gneJ9_14_0" dir="l" state="m"/>
    <connection from=":gneJ9_14" to="gneE9" fromLane="0" toLane="0" dir="l" state="M"/>
    <connection from=":gneJ9_9" to="gneE6" fromLane="0" toLane="0" dir="r" state="M"/>
    <connection from=":gneJ9_10" to="gneE7" fromLane="0" toLane="0" dir="s" state="M"/>
    <connection from=":gneJ9_11" to="gneE8" fromLane="0" toLane="0" via=":gneJ9_15_0" dir="l" state="m"/>
    <connection from=":gneJ9_15" to="gneE8" fromLane="0" toLane="0" dir="l" state="M"/>

</net>
